gridSize,blue,red,flag,instructionCount,bblCount
10,1,1,A,199357,19898
10,1,2,A,484508,50955
10,1,3,A,928134,99628
10,1,4,A,1328754,144179
10,1,5,A,1521341,165211
10,1,6,A,2076853,226599
10,1,7,A,2823654,309328
10,1,8,A,2914940,318499
10,1,9,A,3346242,367095
10,1,10,A,3368281,369373
10,2,1,A,458285,48173
10,2,2,A,755351,80419
10,2,3,A,1208454,130036
10,2,4,A,1577848,171198
10,2,5,A,1715432,186153
10,2,6,A,2268374,247149
10,2,7,A,3041023,332588
10,2,8,A,3104122,338756
10,2,9,A,3526529,386220
10,2,10,A,3547371,388373
10,3,1,A,836440,90447
10,3,2,A,1046864,113152
10,3,3,A,1434665,155561
10,3,4,A,1866655,203162
10,3,5,A,2167791,236002
10,3,6,A,2713720,296120
10,3,7,A,3298000,360396
10,3,8,A,3543290,386877
10,3,9,A,3924910,429803
10,3,10,A,3846734,420945
10,4,1,A,1303613,142470
10,4,2,A,1512156,164932
10,4,3,A,1897479,206978
10,4,4,A,2315081,252851
10,4,5,A,2608151,284678
10,4,6,A,3143284,343330
10,4,7,A,3730900,407849
10,4,8,A,3953277,431646
10,4,9,A,4313993,471785
10,4,10,A,4133031,451661
10,5,1,A,1684921,184462
10,5,2,A,1891232,206576
10,5,3,A,2274837,248422
10,5,4,A,2684903,293335
10,5,5,A,2978190,325307
10,5,6,A,3491997,381536
10,5,7,A,4058316,443523
10,5,8,A,4250727,463782
10,5,9,A,4680501,511480
10,5,10,A,4365872,476250
10,6,1,A,2273047,250400
10,6,2,A,2477635,272182
10,6,3,A,2789205,305967
10,6,4,A,3179391,348492
10,6,5,A,3528585,386329
10,6,6,A,4028617,440652
10,6,7,A,4455235,486984
10,6,8,A,4798940,524035
10,6,9,A,5198971,567978
10,6,10,A,4873420,531402
10,7,1,A,2418754,266713
10,7,2,A,2614145,287413
10,7,3,A,2872914,315431
10,7,4,A,3207599,351592
10,7,5,A,3509414,384117
10,7,6,A,3945547,431197
10,7,7,A,4257534,465087
10,7,8,A,4601865,502083
10,7,9,A,5244281,572492
10,7,10,A,5037585,548761
10,8,1,A,2749431,302778
10,8,2,A,2950259,324019
10,8,3,A,3215554,352635
10,8,4,A,3542544,387683
10,8,5,A,3856306,421421
10,8,6,A,4297579,469010
10,8,7,A,4628892,504681
10,8,8,A,4923319,535868
10,8,9,A,5358417,583691
10,8,10,A,5259778,571914
10,9,1,A,3026683,333560
10,9,2,A,3216295,353510
10,9,3,A,3438952,377306
10,9,4,A,3734911,408931
10,9,5,A,4017546,439069
10,9,6,A,4361867,476011
10,9,7,A,4617244,503307
10,9,8,A,4924363,535811
10,9,9,A,5420296,589934
10,9,10,A,5706324,619803
10,10,1,A,3156411,347587
10,10,2,A,3321043,364806
10,10,3,A,3512011,385133
10,10,4,A,3765043,411916
10,10,5,A,3997209,436247
10,10,6,A,4224123,460162
10,10,7,A,4481252,487822
10,10,8,A,4900666,532772
10,10,9,A,5223607,567324
10,10,10,A,5422612,587986
11,1,1,A,242873,24504
11,1,2,A,615547,64977
11,1,3,A,920987,98211
11,1,4,A,1329674,143466
11,1,5,A,1977147,215845
11,1,6,A,2248418,244968
11,1,7,A,3506296,386346
11,1,8,A,3708645,408163
11,1,9,A,3938469,434630
11,1,10,A,4302029,474088
11,2,1,A,640340,68033
11,2,2,A,1008583,108024
11,2,3,A,1309925,140842
11,2,4,A,1678628,181690
11,2,5,A,2306239,251911
11,2,6,A,2560921,279353
11,2,7,A,3831111,421831
11,2,8,A,4016367,441850
11,2,9,A,4203977,463540
11,2,10,A,4569989,503296
11,3,1,A,815483,87334
11,3,2,A,1089921,117159
11,3,3,A,1401063,150871
11,3,4,A,1818320,196790
11,3,5,A,2450505,266786
11,3,6,A,2815988,306920
11,3,7,A,3918145,429925
11,3,8,A,4266109,468346
11,3,9,A,4399090,484016
11,3,10,A,4764135,523669
11,4,1,A,1474471,160192
11,4,2,A,1758602,191062
11,4,3,A,2104529,228552
11,4,4,A,2540931,276499
11,4,5,A,3227871,352923
11,4,6,A,3328796,363661
11,4,7,A,4745209,521453
11,4,8,A,4771127,523816
11,4,9,A,4798830,527806
11,4,10,A,5165309,567600
11,5,1,A,1930951,209792
11,5,2,A,2215932,240780
11,5,3,A,2562056,278314
11,5,4,A,2995330,325971
11,5,5,A,3673374,401338
11,5,6,A,3860913,421647
11,5,7,A,5182993,568917
11,5,8,A,5283796,579322
11,5,9,A,5247625,576392
11,5,10,A,5615593,616331
11,6,1,A,2350001,256702
11,6,2,A,2610332,284897
11,6,3,A,2880837,314083
11,6,4,A,3274113,357068
11,6,5,A,3850177,420397
11,6,6,A,4353550,475686
11,6,7,A,5127535,561198
11,6,8,A,5772362,632479
11,6,9,A,5647584,619182
11,6,10,A,6012750,658674
11,7,1,A,2550619,279693
11,7,2,A,2768768,303352
11,7,3,A,2976451,325567
11,7,4,A,3316130,362481
11,7,5,A,3754180,410533
11,7,6,A,4230450,462892
11,7,7,A,4811919,526588
11,7,8,A,5479224,599721
11,7,9,A,6065090,664648
11,7,10,A,6438955,705096
11,8,1,A,3012575,330091
11,8,2,A,3230155,353673
11,8,3,A,3434818,375592
11,8,4,A,3770236,411917
11,8,5,A,4210166,460208
11,8,6,A,4685743,512399
11,8,7,A,5258222,575103
11,8,8,A,5922788,647570
11,8,9,A,6454903,706524
11,8,10,A,6835300,747627
11,9,1,A,3641696,400031
11,9,2,A,3859302,423543
11,9,3,A,4059880,444839
11,9,4,A,4389389,480244
11,9,5,A,4822245,527677
11,9,6,A,5288836,578670
11,9,7,A,5853113,640165
11,9,8,A,6479642,708162
11,9,9,A,6997496,765101
11,9,10,A,7397418,808176
11,10,1,A,3850489,422659
11,10,2,A,4061714,445397
11,10,3,A,4212720,461161
11,10,4,A,4517126,493719
11,10,5,A,4903566,535984
11,10,6,A,5331459,582645
11,10,7,A,5821811,635817
11,10,8,A,6319657,689466
11,10,9,A,6921814,755419
11,10,10,A,7228343,788162
12,1,1,A,267163,26835
12,1,2,A,598718,62966
12,1,3,A,1401495,151206
12,1,4,A,2105652,228918
12,1,5,A,2673572,292018
12,1,6,A,3354757,367494
12,1,7,A,4560635,501601
12,1,8,A,5092429,561156
12,1,9,A,6284700,693644
12,1,10,A,7003208,772213
12,2,1,A,754684,80065
12,2,2,A,1074679,114903
12,2,3,A,1882942,203728
12,2,4,A,2561793,278644
12,2,5,A,3062635,334420
12,2,6,A,3728928,408208
12,2,7,A,4946448,543516
12,2,8,A,5449759,599822
12,2,9,A,6651787,733181
12,2,10,A,7368749,811506
12,3,1,A,1348989,145937
12,3,2,A,1694962,183480
12,3,3,A,2284574,248025
12,3,4,A,3051397,332145
12,3,5,A,3737650,408647
12,3,6,A,4370848,478654
12,3,7,A,5614237,616772
12,3,8,A,6041535,664410
12,3,9,A,7279623,801570
12,3,10,A,7994816,879602
12,4,1,A,2294883,250177
12,4,2,A,2652208,288888
12,4,3,A,3325263,362650
12,4,4,A,4146482,453272
12,4,5,A,4541586,497338
12,4,6,A,5111609,560190
12,4,7,A,6397404,703120
12,4,8,A,6700880,736529
12,4,9,A,7967382,876805
12,4,10,A,8640822,950032
12,5,1,A,3079235,337581
12,5,2,A,3419090,374340
12,5,3,A,3965888,434021
12,5,4,A,4705029,515012
12,5,5,A,5478356,600681
12,5,6,A,5910493,647944
12,5,7,A,7314200,803985
12,5,8,A,7392326,812365
12,5,9,A,8760865,963538
12,5,10,A,9370779,1029684
12,6,1,A,4355381,479289
12,6,2,A,4705625,517009
12,6,3,A,5329600,585204
12,6,4,A,6093946,669056
12,6,5,A,6405650,703310
12,6,6,A,6860721,753292
12,6,7,A,8223846,904614
12,6,8,A,8245610,906461
12,6,9,A,9592969,1054982
12,6,10,A,10220775,1122706
12,7,1,A,4748235,524606
12,7,2,A,5050691,557094
12,7,3,A,5541780,610252
12,7,4,A,6195637,681660
12,7,5,A,6779730,745579
12,7,6,A,7324544,805031
12,7,7,A,8416714,925318
12,7,8,A,8943810,984100
12,7,9,A,9860574,1083999
12,7,10,A,10822008,1188486
12,8,1,A,5362888,592707
12,8,2,A,5668273,625454
12,8,3,A,6155079,677992
12,8,4,A,6796505,747796
12,8,5,A,7411454,815221
12,8,6,A,8066978,886459
12,8,7,A,9121798,1003494
12,8,8,A,9480090,1041971
12,8,9,A,10648947,1170195
12,8,10,A,11359093,1247529
12,9,1,A,6421668,710818
12,9,2,A,6719745,742476
12,9,3,A,7202014,794353
12,9,4,A,7825275,862033
12,9,5,A,8396791,924058
12,9,6,A,8971836,985511
12,9,7,A,9977783,1097304
12,9,8,A,10365997,1139608
12,9,9,A,11446892,1258234
12,9,10,A,11815861,1296672
12,10,1,A,7599299,842598
12,10,2,A,7893469,873619
12,10,3,A,8196128,905393
12,10,4,A,8696317,959159
12,10,5,A,9299864,1024207
12,10,6,A,10097951,1111747
12,10,7,A,10899580,1198998
12,10,8,A,11742874,1292020
12,10,9,A,11692568,1285765
12,10,10,A,12581624,1381236
13,1,1,A,332339,33674
13,1,2,A,635677,66474
13,1,3,A,1487385,159968
13,1,4,A,2029500,219573
13,1,5,A,3208670,352011
13,1,6,A,4512710,496129
13,1,7,A,6108301,674758
13,1,8,A,7064433,780380
13,1,9,A,7941282,880640
13,1,10,A,8604909,951912
13,2,1,A,870164,92393
13,2,2,A,1162723,124027
13,2,3,A,2019564,218050
13,2,4,A,2480568,268911
13,2,5,A,3647445,399961
13,2,6,A,4949195,543850
13,2,7,A,6542066,722039
13,2,8,A,7496215,827343
13,2,9,A,8345683,924487
13,2,10,A,9002718,995116
13,3,1,A,1644406,178878
13,3,2,A,1961553,213027
13,3,3,A,2585976,281213
13,3,4,A,3371738,367774
13,3,5,A,4469148,490947
13,3,6,A,5756937,633196
13,3,7,A,7343786,810478
13,3,8,A,8299838,915879
13,3,9,A,9028167,999385
13,3,10,A,9686178,1070237
13,4,1,A,2401422,261934
13,4,2,A,2718291,296042
13,4,3,A,3342187,364151
13,4,4,A,4115688,449332
13,4,5,A,5280250,579785
13,4,6,A,6563081,721339
13,4,7,A,8116636,894778
13,4,8,A,9066850,999321
13,4,9,A,9753827,1078072
13,4,10,A,10426330,1150522
13,5,1,A,3394177,373259
13,5,2,A,3689970,405164
13,5,3,A,4260140,467181
13,5,4,A,5021630,551106
13,5,5,A,6078868,668732
13,5,6,A,7431065,818547
13,5,7,A,8936582,986142
13,5,8,A,9875349,1089441
13,5,9,A,10857994,1200338
13,5,10,A,11509516,1270605
13,6,1,A,5387847,594758
13,6,2,A,5709515,629214
13,6,3,A,6369283,701171
13,6,4,A,7080801,779424
13,6,5,A,7955362,877320
13,6,6,A,9204149,1014740
13,6,7,A,10699809,1181095
13,6,8,A,11626552,1282924
13,6,9,A,11914027,1316612
13,6,10,A,12564070,1386756
13,7,1,A,5548355,612446
13,7,2,A,5820496,641626
13,7,3,A,6362730,700476
13,7,4,A,7061133,777179
13,7,5,A,7990196,879817
13,7,6,A,9300219,1025049
13,7,7,A,10671503,1177030
13,7,8,A,11563302,1275184
13,7,9,A,12865371,1421101
13,7,10,A,13511221,1490664
13,8,1,A,6045919,668089
13,8,2,A,6293746,694576
13,8,3,A,6823626,752074
13,8,4,A,7448268,820529
13,8,5,A,8335439,918421
13,8,6,A,9547216,1052176
13,8,7,A,10811162,1191928
13,8,8,A,11648044,1283769
13,8,9,A,12891994,1422828
13,8,10,A,13700674,1510676
13,9,1,A,7659129,846558
13,9,2,A,7927173,875049
13,9,3,A,8463075,933069
13,9,4,A,9152834,1008433
13,9,5,A,10072052,1109662
13,9,6,A,11363656,1252090
13,9,7,A,12679938,1397306
13,9,8,A,13533697,1490915
13,9,9,A,14823810,1634959
13,9,10,A,15408444,1697444
13,10,1,A,8882005,983222
13,10,2,A,9145992,1011100
13,10,3,A,9672478,1067843
13,10,4,A,10347977,1141274
13,10,5,A,11259358,1241564
13,10,6,A,12458103,1372816
13,10,7,A,13740622,1514134
13,10,8,A,14580769,1605918
13,10,9,A,15860658,1748674
13,10,10,A,16467135,1813405
14,1,1,A,367861,37101
14,1,2,A,785215,82425
14,1,3,A,1725244,185965
14,1,4,A,2197286,238440
14,1,5,A,3991585,438647
14,1,6,A,4510062,495184
14,1,7,A,5495725,604599
14,1,8,A,6772524,746675
14,1,9,A,7824311,864471
14,1,10,A,9139127,1010819
14,2,1,A,975819,103779
14,2,2,A,1413658,151212
14,2,3,A,2341005,253393
14,2,4,A,2724345,296391
14,2,5,A,4542529,499101
14,2,6,A,5008700,550025
14,2,7,A,5964616,656251
14,2,8,A,7241003,798263
14,2,9,A,8284817,915054
14,2,10,A,9598950,1061265
14,3,1,A,1982675,216546
14,3,2,A,2352578,256493
14,3,3,A,3169635,346054
14,3,4,A,3728811,408164
14,3,5,A,5645374,621915
14,3,6,A,5954285,655138
14,3,7,A,6771643,745864
14,3,8,A,8046510,887634
14,3,9,A,9019190,996387
14,3,10,A,10336692,1142847
14,4,1,A,3007787,330354
14,4,2,A,3374977,370036
14,4,3,A,4074386,446676
14,4,4,A,4882499,536184
14,4,5,A,6357179,699990
14,4,6,A,7071011,779061
14,4,7,A,7782233,857855
14,4,8,A,9034351,996865
14,4,9,A,9946705,1098683
14,4,10,A,11269464,1245729
14,5,1,A,4279607,472387
14,5,2,A,4640496,511315
14,5,3,A,5314714,585147
14,5,4,A,6112668,673346
14,5,5,A,7388357,814401
14,5,6,A,8442588,931597
14,5,7,A,9070433,1001059
14,5,8,A,10302517,1137765
14,5,9,A,11162062,1233587
14,5,10,A,12481007,1379978
14,6,1,A,5643564,622876
14,6,2,A,6013382,662695
14,6,3,A,6766156,745074
14,6,4,A,7506136,826970
14,6,5,A,9285051,1025186
14,6,6,A,9599506,1058977
14,6,7,A,10064347,1110073
14,6,8,A,11289230,1245977
14,6,9,A,12045642,1330067
14,6,10,A,13327504,1472186
14,7,1,A,6540900,722790
14,7,2,A,6899500,761331
14,7,3,A,7568761,834526
14,7,4,A,8361779,922010
14,7,5,A,9623089,1061322
14,7,6,A,10674799,1178037
14,7,7,A,11406512,1259029
14,7,8,A,12603473,1391626
14,7,9,A,13335731,1473078
14,7,10,A,14609984,1614227
14,8,1,A,8024433,887229
14,8,2,A,8384678,926038
14,8,3,A,9055003,999397
14,8,4,A,9846125,1086620
14,8,5,A,11107836,1226024
14,8,6,A,12143645,1340677
14,8,7,A,12770994,1410001
14,8,8,A,13959317,1541724
14,8,9,A,14628512,1615780
14,8,10,A,15873962,1753257
14,9,1,A,9700812,1074998
14,9,2,A,10062825,1113787
14,9,3,A,10726990,1186305
14,9,4,A,11509758,1272359
14,9,5,A,12763821,1410805
14,9,6,A,13798068,1525150
14,9,7,A,14313825,1581743
14,9,8,A,15492563,1712092
14,9,9,A,16090784,1777874
14,9,10,A,17332839,1914685
14,10,1,A,10010716,1108750
14,10,2,A,10361221,1146293
14,10,3,A,10942253,1209643
14,10,4,A,11636973,1285619
14,10,5,A,12714357,1404527
14,10,6,A,13819513,1526307
14,10,7,A,15079897,1665493
14,10,8,A,16252712,1795118
14,10,9,A,17271234,1907627
14,10,10,A,18487145,2041473
15,1,1,A,431096,43844
15,1,2,A,1173825,126307
15,1,3,A,2403517,262890
15,1,4,A,3582642,394165
15,1,5,A,4821387,532754
15,1,6,A,6983412,775140
15,1,7,A,9009639,1003885
15,1,8,A,10386092,1159429
15,1,9,A,12829684,1431784
15,1,10,A,12371834,1377724
15,2,1,A,898962,94869
15,2,2,A,1671210,180332
15,2,3,A,2888945,315685
15,2,4,A,4048779,444919
15,2,5,A,5246777,579033
15,2,6,A,7407598,821196
15,2,7,A,9410263,1047244
15,2,8,A,10782547,1202203
15,2,9,A,13230895,1475082
15,2,10,A,12763384,1420069
15,3,1,A,2223791,241648
15,3,2,A,2995314,327004
15,3,3,A,4181476,458809
15,3,4,A,5344683,588404
15,3,5,A,6517927,719881
15,3,6,A,8676887,961704
15,3,7,A,10647170,1184123
15,3,8,A,11905736,1326502
15,3,9,A,14466691,1611582
15,3,10,A,13855086,1541065
15,4,1,A,3055958,334923
15,4,2,A,3747489,411562
15,4,3,A,4860822,535171
15,4,4,A,5828109,642331
15,4,5,A,7317657,808805
15,4,6,A,9037123,1000728
15,4,7,A,11522233,1280761
15,4,8,A,12942854,1441093
15,4,9,A,14761757,1641841
15,4,10,A,14847066,1650588
15,5,1,A,5090208,561643
15,5,2,A,5805489,640800
15,5,3,A,7026245,776192
15,5,4,A,8073312,892139
15,5,5,A,9490724,1050556
15,5,6,A,11630474,1289615
15,5,7,A,13457129,1495601
15,5,8,A,14399534,1601723
15,5,9,A,17271977,1921945
15,5,10,A,16109600,1789700
15,6,1,A,6419696,709950
15,6,2,A,7108594,786147
15,6,3,A,8285269,916598
15,6,4,A,9273075,1025838
15,6,5,A,10758297,1191815
15,6,6,A,12661090,1404069
15,6,7,A,14892046,1654895
15,6,8,A,16042864,1783932
15,6,9,A,18701303,2080175
15,6,10,A,17738285,1970378
15,7,1,A,7955157,881591
15,7,2,A,8642279,957526
15,7,3,A,9741373,1079361
15,7,4,A,10689635,1184158
15,7,5,A,12157244,1348172
15,7,6,A,13848506,1536506
15,7,7,A,16298747,1811706
15,7,8,A,17750283,1973975
15,7,9,A,19499784,2167818
15,7,10,A,19434821,2159130
15,8,1,A,10295417,1142176
15,8,2,A,10981530,1217817
15,8,3,A,12143742,1346450
15,8,4,A,13138927,1456313
15,8,5,A,14616010,1621246
15,8,6,A,16496111,1830398
15,8,7,A,18704865,2078198
15,8,8,A,19571886,2174684
15,8,9,A,22486433,2499510
15,8,10,A,21051137,2336979
15,9,1,A,11362443,1260387
15,9,2,A,12050331,1336141
15,9,3,A,13076033,1449630
15,9,4,A,13943327,1545069
15,9,5,A,15289003,1694719
15,9,6,A,16817476,1864073
15,9,7,A,19367750,2150014
15,9,8,A,21061996,2338254
15,9,9,A,22155344,2458307
15,9,10,A,22795723,2529052
15,10,1,A,12961292,1438685
15,10,2,A,13644709,1513745
15,10,3,A,14655921,1625500
15,10,4,A,15521239,1720547
15,10,5,A,16866368,1869808
15,10,6,A,18401534,2039887
15,10,7,A,20917803,2322092
15,10,8,A,22589910,2507627
15,10,9,A,23692458,2628206
15,10,10,A,24475704,2714183
16,1,1,A,453848,45873
16,1,2,A,884231,92374
16,1,3,A,2717789,296080
16,1,4,A,4391644,482186
16,1,5,A,4912189,538307
16,1,6,A,6904271,760413
16,1,7,A,7878070,867826
16,1,8,A,11179115,1237152
16,1,9,A,12782916,1414650
16,1,10,A,14107319,1564058
16,2,1,A,1527434,165036
16,2,2,A,1964798,212203
16,2,3,A,3817962,417963
16,2,4,A,5471005,601856
16,2,5,A,5913193,649461
16,2,6,A,7895711,870472
16,2,7,A,8852806,976056
16,2,8,A,12166358,1346713
16,2,9,A,13730809,1519919
16,2,10,A,15023373,1665677
16,3,1,A,2675054,291888
16,3,2,A,3137883,341663
16,3,3,A,4804201,526728
16,3,4,A,6642375,731119
16,3,5,A,7063191,776574
16,3,6,A,9005897,993146
16,3,7,A,9928430,1095032
16,3,8,A,13274057,1468994
16,3,9,A,14769174,1634720
16,3,10,A,16018394,1775640
16,4,1,A,4428323,487926
16,4,2,A,4889326,537491
16,4,3,A,6332186,697421
16,4,4,A,8018472,884675
16,4,5,A,8858446,976847
16,4,6,A,10740589,1186639
16,4,7,A,11599736,1281334
16,4,8,A,15003683,1661897
16,4,9,A,16420367,1818691
16,4,10,A,17650826,1957570
16,5,1,A,6432428,712448
16,5,2,A,6864884,758944
16,5,3,A,8144637,900510
16,5,4,A,9627319,1064807
16,5,5,A,10913066,1206660
16,5,6,A,12828065,1419931
16,5,7,A,13642819,1509678
16,5,8,A,17069224,1892562
16,5,9,A,18324484,2031327
16,5,10,A,19466769,2160133
16,6,1,A,8228608,913333
16,6,2,A,8648554,958359
16,6,3,A,9826561,1088263
16,6,4,A,11251357,1246034
16,6,5,A,12536280,1387560
16,6,6,A,14662119,1624389
16,6,7,A,15470025,1713110
16,6,8,A,18903413,2096783
16,6,9,A,19968035,2213425
16,6,10,A,20959880,2324705
16,7,1,A,11570086,1291252
16,7,2,A,11990730,1336022
16,7,3,A,13160678,1464899
16,7,4,A,14554323,1618861
16,7,5,A,15845840,1760420
16,7,6,A,17939887,1993531
16,7,7,A,18634838,2069402
16,7,8,A,22111004,2457002
16,7,9,A,22864124,2537646
16,7,10,A,23601499,2620026
16,8,1,A,15160259,1692049
16,8,2,A,15611162,1739855
16,8,3,A,16935150,1885992
16,8,4,A,18492336,2057892
16,8,5,A,19315460,2147294
16,8,6,A,20592363,2288128
16,8,7,A,20971972,2328740
16,8,8,A,24654977,2738952
16,8,9,A,25146786,2790854
16,8,10,A,26077546,2895844
16,9,1,A,15522327,1734130
16,9,2,A,15900438,1773907
16,9,3,A,16933885,1887260
16,9,4,A,18236312,2030620
16,9,5,A,19373225,2154523
16,9,6,A,21379850,2377710
16,9,7,A,22816702,2536295
16,9,8,A,25611602,2846945
16,9,9,A,27460390,3049966
16,9,10,A,28275290,3140725
16,10,1,A,16818784,1878575
16,10,2,A,17167871,1915189
16,10,3,A,18089277,2016231
16,10,4,A,19213030,2139365
16,10,5,A,20272521,2254500
16,10,6,A,22110986,2458796
16,10,7,A,23537142,2616333
16,10,8,A,25770621,2864144
16,10,9,A,27819031,3089612
16,10,10,A,29853095,3315890
17,1,1,A,773875,81204
17,1,2,A,1380286,147366
17,1,3,A,2644157,286900
17,1,4,A,3972176,435642
17,1,5,A,5443115,597713
17,1,6,A,7280679,803899
17,1,7,A,9858404,1093979
17,1,8,A,10792251,1195960
17,1,9,A,13881945,1544008
17,1,10,A,13968054,1548247
17,2,1,A,1452329,155984
17,2,2,A,2098173,226184
17,2,3,A,3368352,366333
17,2,4,A,4650514,510336
17,2,5,A,6120681,672325
17,2,6,A,7918493,874058
17,2,7,A,10499874,1164494
17,2,8,A,11402119,1263160
17,2,9,A,14483167,1610116
17,2,10,A,14558729,1613294
17,3,1,A,3555775,391160
17,3,2,A,4201750,461377
17,3,3,A,5471669,601515
17,3,4,A,6389682,704525
17,3,5,A,7856783,866172
17,3,6,A,9527322,1053642
17,3,7,A,12098943,1342862
17,3,8,A,12771724,1415951
17,3,9,A,15842139,1761529
17,3,10,A,15765391,1747783
17,4,1,A,5292673,586246
17,4,2,A,5900425,652474
17,4,3,A,6969629,769964
17,4,4,A,8418898,931956
17,4,5,A,9880408,1092977
17,4,6,A,11402976,1263703
17,4,7,A,13987095,1554141
17,4,8,A,14516683,1611307
17,4,9,A,17567636,1954472
17,4,10,A,17310337,1920350
17,5,1,A,7029268,779669
17,5,2,A,7639108,846140
17,5,3,A,8705443,963305
17,5,4,A,10273789,1138593
17,5,5,A,11738904,1300003
17,5,6,A,13129531,1455873
17,5,7,A,15706967,1745598
17,5,8,A,15838660,1758232
17,5,9,A,18887672,2100791
17,5,10,A,18571685,2060821
17,6,1,A,10471752,1166192
17,6,2,A,11095569,1233977
17,6,3,A,12237721,1359617
17,6,4,A,13380180,1487341
17,6,5,A,14831594,1647110
17,6,6,A,15919208,1768436
17,6,7,A,18488970,2057027
17,6,8,A,18310602,2034898
17,6,9,A,21363694,2377913
17,6,10,A,20723221,2301052
17,7,1,A,12630031,1409554
17,7,2,A,13194625,1470913
17,7,3,A,14122879,1572231
17,7,4,A,15646932,1741917
17,7,5,A,17321068,1926811
17,7,6,A,18672850,2077450
17,7,7,A,21231171,2364689
17,7,8,A,20923280,2328086
17,7,9,A,23918453,2664026
17,7,10,A,23184806,2577164
17,8,1,A,15584945,1737815
17,8,2,A,16191029,1803644
17,8,3,A,17257558,1920418
17,8,4,A,18815715,2094288
17,8,5,A,20241392,2251087
17,8,6,A,21148421,2352481
17,8,7,A,23697153,2638507
17,8,8,A,22987107,2557046
17,8,9,A,26017709,2896450
17,8,10,A,25077829,2786421
17,9,1,A,16486361,1841781
17,9,2,A,17029995,1900695
17,9,3,A,17873866,1992632
17,9,4,A,19246435,2145106
17,9,5,A,20882673,2325794
17,9,6,A,22872855,2547252
17,9,7,A,25362919,2826063
17,9,8,A,25318387,2818759
17,9,9,A,28332467,3155564
17,9,10,A,27059109,3008357
17,10,1,A,17292484,1933260
17,10,2,A,17810283,1989483
17,10,3,A,18435018,2057072
17,10,4,A,19635133,2189930
17,10,5,A,21155055,2357979
17,10,6,A,22792663,2539598
17,10,7,A,24626135,2743254
17,10,8,A,26712470,2975287
17,10,9,A,29687257,3307403
17,10,10,A,29770934,3311427
18,1,1,A,740602,76760
18,1,2,A,1468267,156787
18,1,3,A,3314856,361234
18,1,4,A,4299149,471660
18,1,5,A,6414981,707231
18,1,6,A,10487534,1166868
18,1,7,A,12694137,1411523
18,1,8,A,15123939,1683514
18,1,9,A,19288157,2150796
18,1,10,A,24141872,2695622
18,2,1,A,1581647,169939
18,2,2,A,2349937,254099
18,2,3,A,4196616,458540
18,2,4,A,5079435,558001
18,2,5,A,7192349,793231
18,2,6,A,11248270,1251019
18,2,7,A,13454955,1495588
18,2,8,A,15870559,1766054
18,2,9,A,20010322,2230413
18,2,10,A,24908755,2780052
18,3,1,A,2833119,307563
18,3,2,A,3545415,385657
18,3,3,A,5117354,558857
18,3,4,A,6275326,689380
18,3,5,A,8392082,925026
18,3,6,A,12388274,1376162
18,3,7,A,14597479,1620965
18,3,8,A,16938952,1883204
18,3,9,A,21055436,2344648
18,3,10,A,26040551,2904115
18,4,1,A,4670160,511856
18,4,2,A,5359226,587356
18,4,3,A,6773205,743046
18,4,4,A,8160372,898599
18,4,5,A,10276877,1134192
18,4,6,A,14210129,1578162
18,4,7,A,16415539,1822476
18,4,8,A,18684504,2076437
18,4,9,A,22673305,2523421
18,4,10,A,27851105,3104219
18,5,1,A,6779812,748821
18,5,2,A,7434520,820705
18,5,3,A,8609513,949820
18,5,4,A,10192715,1126336
18,5,5,A,12403963,1372997
18,5,6,A,15923990,1768682
18,5,7,A,18632616,2070525
18,5,8,A,21225369,2360968
18,5,9,A,25336699,2821682
18,5,10,A,29385589,3274395
18,6,1,A,7911213,873083
18,6,2,A,8549430,943215
18,6,3,A,9671409,1066431
18,6,4,A,11119148,1227360
18,6,5,A,13020501,1438424
18,6,6,A,16519656,1832190
18,6,7,A,18897612,2095929
18,6,8,A,22148724,2461403
18,6,9,A,26440926,2942208
18,6,10,A,29076273,3234014
18,7,1,A,12221394,1358619
18,7,2,A,12874445,1430067
18,7,3,A,14045174,1558569
18,7,4,A,15624296,1734356
18,7,5,A,17815391,1978540
18,7,6,A,21318641,2372253
18,7,7,A,24010754,2671881
18,7,8,A,26590147,2960328
18,7,9,A,30575858,3406363
18,7,10,A,34634931,3859902
18,8,1,A,15760512,1755233
18,8,2,A,16415390,1826843
18,8,3,A,17580179,1954589
18,8,4,A,19159241,2130214
18,8,5,A,21344720,2373663
18,8,6,A,24860410,2768392
18,8,7,A,27553993,3067864
18,8,8,A,30090619,3351701
18,8,9,A,34132873,3803425
18,8,10,A,38138972,4250563
18,9,1,A,17766259,1982226
18,9,2,A,18389280,2050263
18,9,3,A,19474106,2169121
18,9,4,A,20851004,2321623
18,9,5,A,22611080,2516303
18,9,6,A,25958446,2892260
18,9,7,A,28256787,3146508
18,9,8,A,31226785,3479479
18,9,9,A,35685266,3977674
18,9,10,A,37637516,4190578
18,10,1,A,22415586,2501336
18,10,2,A,23053206,2570868
18,10,3,A,24152328,2691147
18,10,4,A,25573277,2848398
18,10,5,A,27447089,3055780
18,10,6,A,30910484,3444740
18,10,7,A,33270767,3705737
18,10,8,A,36414188,4058197
18,10,9,A,40644673,4529950
18,10,10,A,43148670,4806203
19,1,1,A,759818,78618
19,1,2,A,1434908,152208
19,1,3,A,3115938,337599
19,1,4,A,4608584,502672
19,1,5,A,6938966,762227
19,1,6,A,9260365,1020641
19,1,7,A,11997385,1326826
19,1,8,A,16066822,1789376
19,1,9,A,16323992,1809735
19,1,10,A,21051918,2339001
19,2,1,A,1695224,181256
19,2,2,A,2381249,255969
19,2,3,A,4062381,441372
19,2,4,A,5502369,600825
19,2,5,A,7805584,857495
19,2,6,A,10102143,1113203
19,2,7,A,12817616,1417054
19,2,8,A,16855163,1875959
19,2,9,A,17108832,1896012
19,2,10,A,21850833,2426661
19,3,1,A,4728687,522267
19,3,2,A,5418022,597304
19,3,3,A,7055702,777830
19,3,4,A,8503538,937823
19,3,5,A,10560198,1166737
19,3,6,A,12736909,1408906
19,3,7,A,15232824,1687851
19,3,8,A,19027197,2119169
19,3,9,A,19296859,2141013
19,3,10,A,24142872,2683342
19,4,1,A,7373088,815154
19,4,2,A,8081807,892181
19,4,3,A,9762939,1077584
19,4,4,A,10775402,1189165
19,4,5,A,12733186,1407247
19,4,6,A,14923534,1651211
19,4,7,A,17292283,1916266
19,4,8,A,20956507,2332999
19,4,9,A,21219438,2354220
19,4,10,A,26114253,2901706
19,5,1,A,10516836,1168520
19,5,2,A,11164353,1238905
19,5,3,A,12676643,1405366
19,5,4,A,14410377,1596865
19,5,5,A,16391093,1817476
19,5,6,A,18341606,2034291
19,5,7,A,20489451,2274407
19,5,8,A,23923838,2664958
19,5,9,A,24183879,2685713
19,5,10,A,29182231,3244921
19,6,1,A,13540250,1502975
19,6,2,A,14212245,1576112
19,6,3,A,15785528,1749385
19,6,4,A,17433012,1931462
19,6,5,A,19196549,2128157
19,6,6,A,21141795,2344715
19,6,7,A,23015444,2554397
19,6,8,A,26088321,2903930
19,6,9,A,26345103,2924507
19,6,10,A,31537025,3505151
19,7,1,A,15966590,1772862
19,7,2,A,16588696,1840485
19,7,3,A,18030593,1999059
19,7,4,A,19855978,2200953
19,7,5,A,21951562,2434239
19,7,6,A,23802300,2640077
19,7,7,A,25566656,2837418
19,7,8,A,28744950,3199154
19,7,9,A,29005046,3220126
19,7,10,A,34099520,3789539
19,8,1,A,19239198,2141825
19,8,2,A,19868237,2210056
19,8,3,A,21177999,2353944
19,8,4,A,22982895,2553565
19,8,5,A,25454728,2828470
19,8,6,A,27772523,3086179
19,8,7,A,29917500,3325855
19,8,8,A,32388298,3606747
19,8,9,A,32619654,3624521
19,8,10,A,38172550,4246113
19,9,1,A,21046135,2343854
19,9,2,A,21660453,2410430
19,9,3,A,22830323,2538716
19,9,4,A,24641893,2739084
19,9,5,A,26935838,2993855
19,9,6,A,29404330,3268390
19,9,7,A,32317009,3593566
19,9,8,A,35582015,3963045
19,9,9,A,35804685,3979630
19,9,10,A,41248180,4588527
19,10,1,A,26796958,2988161
19,10,2,A,27421167,3055720
19,10,3,A,28656062,3191084
19,10,4,A,30442629,3388615
19,10,5,A,32855821,3656496
19,10,6,A,35277970,3925730
19,10,7,A,38019382,4231894
19,10,8,A,40109810,4468973
19,10,9,A,40323042,4484715
19,10,10,A,45983340,5117790
20,1,1,A,968291,101246
20,1,2,A,2298071,248608
20,1,3,A,4655368,511821
20,1,4,A,7157008,790696
20,1,5,A,9566827,1059100
20,1,6,A,14869988,1652264
20,1,7,A,17110470,1903291
20,1,8,A,20223549,2252427
20,1,9,A,27621384,3085561
20,1,10,A,31259338,3499784
20,2,1,A,1703968,181987
20,2,2,A,3028395,328581
20,2,3,A,5422520,595739
20,2,4,A,7904763,872501
20,2,5,A,10302356,1139606
20,2,6,A,15654081,1737909
20,2,7,A,17795595,1978218
20,2,8,A,20910761,2327617
20,2,9,A,28304917,3160093
20,2,10,A,31910292,3570574
20,3,1,A,3627683,395725
20,3,2,A,4906976,537345
20,3,3,A,7322615,806747
20,3,4,A,9768577,1079512
20,3,5,A,12128070,1342310
20,3,6,A,17375314,1928281
20,3,7,A,19561640,2174079
20,3,8,A,22674274,2523223
20,3,9,A,30075502,3356201
20,3,10,A,33605656,3757963
20,4,1,A,6118858,673819
20,4,2,A,7339445,809099
20,4,3,A,9750155,1077760
20,4,4,A,12260296,1357549
20,4,5,A,14754009,1635008
20,4,6,A,18641044,2069561
20,4,7,A,22223870,2470514
20,4,8,A,25340678,2820106
20,4,9,A,32735796,3652041
20,4,10,A,36026937,4026692
20,5,1,A,8524734,941822
20,5,2,A,9767014,1079450
20,5,3,A,12221725,1353021
20,5,4,A,14764141,1636250
20,5,5,A,17171501,1904161
20,5,6,A,21362877,2372864
20,5,7,A,24524251,2726636
20,5,8,A,27639713,3076028
20,5,9,A,35001251,3903963
20,5,10,A,38141579,4261401
20,6,1,A,12161918,1347277
20,6,2,A,13395980,1484007
20,6,3,A,15844180,1756875
20,6,4,A,18377722,2039108
20,6,5,A,20789194,2307444
20,6,6,A,24970021,2774940
20,6,7,A,27772934,3088461
20,6,8,A,30887708,3437717
20,6,9,A,38236111,4263836
20,6,10,A,41084732,4588365
20,7,1,A,15238737,1689452
20,7,2,A,16473462,1826278
20,7,3,A,18920606,2099041
20,7,4,A,21456360,2381533
20,7,5,A,23870562,2650181
20,7,6,A,28054485,3117950
20,7,7,A,30705609,3414088
20,7,8,A,33804111,3761541
20,7,9,A,41164014,4588765
20,7,10,A,43866639,4896681
20,8,1,A,19882370,2210740
20,8,2,A,21110451,2346637
20,8,3,A,23534534,2616568
20,8,4,A,26051328,2896924
20,8,5,A,28446598,3163539
20,8,6,A,32612969,3629338
20,8,7,A,35255058,3925068
20,8,8,A,38410839,4278503
20,8,9,A,45691557,5096592
20,8,10,A,48060555,5366942
20,9,1,A,24947867,2777348
20,9,2,A,26169661,2912406
20,9,3,A,28588196,3181598
20,9,4,A,31083540,3459338
20,9,5,A,33482970,3726360
20,9,6,A,37638849,4191045
20,9,7,A,40018878,4456853
20,9,8,A,43120436,4803972
20,9,9,A,50366261,5617867
20,9,10,A,52410999,5852135
20,10,1,A,27693312,3086934
20,10,2,A,28879564,3217909
20,10,3,A,31177174,3473629
20,10,4,A,33622242,3745833
20,10,5,A,36015806,4012034
20,10,6,A,39677436,4421198
20,10,7,A,43521379,4850111
20,10,8,A,46649409,5200326
20,10,9,A,53831979,6006427
20,10,10,A,56533997,6313079
10,1,1,B,499926,53817
10,1,2,B,279388,29465
10,1,3,B,441159,47388
10,1,4,B,688998,74155
10,1,5,B,578881,62188
10,1,6,B,724023,78058
10,1,7,B,855962,92259
10,1,8,B,1043702,112795
10,1,9,B,1065912,115164
10,1,10,B,1139541,123534
10,2,1,B,512821,55032
10,2,2,B,561256,60320
10,2,3,B,638426,68964
10,2,4,B,928303,100467
10,2,5,B,658760,70554
10,2,6,B,804128,86469
10,2,7,B,953973,102631
10,2,8,B,1134450,122366
10,2,9,B,1113578,120035
10,2,10,B,1200829,129960
10,3,1,B,841347,91419
10,3,2,B,925552,100183
10,3,3,B,1114207,120580
10,3,4,B,1310451,142207
10,3,5,B,1251871,135839
10,3,6,B,1324242,144000
10,3,7,B,1159872,125452
10,3,8,B,1377602,149060
10,3,9,B,1210700,130417
10,3,10,B,1360107,147283
10,4,1,B,1293089,140754
10,4,2,B,1572422,171321
10,4,3,B,1588622,173222
10,4,4,B,1969349,215019
10,4,5,B,2050888,223830
10,4,6,B,1512110,164385
10,4,7,B,1477089,160230
10,4,8,B,1617580,175804
10,4,9,B,1387089,149733
10,4,10,B,1489396,161154
10,5,1,B,1439000,157123
10,5,2,B,1703986,185383
10,5,3,B,1597083,173809
10,5,4,B,1952823,212468
10,5,5,B,1813671,197325
10,5,6,B,1760968,191278
10,5,7,B,2051901,223390
10,5,8,B,2285211,248641
10,5,9,B,1733688,188366
10,5,10,B,1710268,185464
10,6,1,B,1225865,133801
10,6,2,B,1363646,148601
10,6,3,B,1804569,196424
10,6,4,B,1800297,195817
10,6,5,B,1959972,213174
10,6,6,B,1911218,207702
10,6,7,B,2240370,244264
10,6,8,B,2460439,267677
10,6,9,B,1810443,196543
10,6,10,B,1792274,194125
10,7,1,B,1405872,153242
10,7,2,B,1551788,168972
10,7,3,B,2044384,222159
10,7,4,B,2417149,263194
10,7,5,B,2357662,256567
10,7,6,B,1909174,207328
10,7,7,B,2274369,247020
10,7,8,B,2551811,276934
10,7,9,B,1932754,209512
10,7,10,B,1963484,212999
10,8,1,B,1467301,159655
10,8,2,B,1591036,172929
10,8,3,B,2220526,241107
10,8,4,B,2489930,270464
10,8,5,B,3062619,332839
10,8,6,B,2956939,321283
10,8,7,B,2799941,303791
10,8,8,B,3045904,330765
10,8,9,B,1836008,198459
10,8,10,B,1999430,216682
10,9,1,B,1285440,139951
10,9,2,B,1369144,148801
10,9,3,B,1474476,160215
10,9,4,B,1703161,185149
10,9,5,B,3258402,354606
10,9,6,B,2576072,279584
10,9,7,B,2999943,325663
10,9,8,B,3119943,339609
10,9,9,B,2079190,225949
10,9,10,B,2294092,248820
10,10,1,B,2094467,228771
10,10,2,B,2211090,240898
10,10,3,B,2579146,280448
10,10,4,B,2977884,323791
10,10,5,B,3126243,340438
10,10,6,B,2543839,276579
10,10,7,B,3253123,353510
10,10,8,B,3632339,395047
10,10,9,B,2262491,245987
10,10,10,B,2445201,265265
11,1,1,B,343911,36097
11,1,2,B,476667,50193
11,1,3,B,645146,68842
11,1,4,B,778697,83384
11,1,5,B,976197,104963
11,1,6,B,1114681,120657
11,1,7,B,1175696,127173
11,1,8,B,1232432,133371
11,1,9,B,1473869,159853
11,1,10,B,1724256,187471
11,2,1,B,658917,70403
11,2,2,B,812100,86591
11,2,3,B,954950,102324
11,2,4,B,881344,94297
11,2,5,B,1158558,124800
11,2,6,B,1170584,126227
11,2,7,B,1288451,139192
11,2,8,B,1387794,150275
11,2,9,B,1678175,182190
11,2,10,B,1827848,198570
11,3,1,B,920831,99001
11,3,2,B,1105222,118392
11,3,3,B,1542821,165962
11,3,4,B,1081160,116136
11,3,5,B,1388768,150016
11,3,6,B,1394631,150868
11,3,7,B,1570798,170492
11,3,8,B,2450099,266334
11,3,9,B,1829415,199027
11,3,10,B,2078108,226493
11,4,1,B,889603,95807
11,4,2,B,984057,105520
11,4,3,B,1362900,146920
11,4,4,B,1462108,158066
11,4,5,B,1582567,170943
11,4,6,B,1846760,201242
11,4,7,B,1937233,211104
11,4,8,B,1779255,193542
11,4,9,B,2306847,251225
11,4,10,B,2652782,289294
11,5,1,B,1141424,123539
11,5,2,B,1668987,180346
11,5,3,B,1759384,190466
11,5,4,B,1809263,195992
11,5,5,B,1945253,210949
11,5,6,B,2045438,222614
11,5,7,B,2540993,276609
11,5,8,B,1993329,217030
11,5,9,B,2541914,277159
11,5,10,B,3035190,331840
11,6,1,B,1330456,144418
11,6,2,B,1368844,147916
11,6,3,B,1738127,188298
11,6,4,B,1830457,198306
11,6,5,B,2060113,223168
11,6,6,B,2480243,269607
11,6,7,B,2322289,253074
11,6,8,B,2160223,235420
11,6,9,B,2757643,300486
11,6,10,B,3050813,332584
11,7,1,B,1385439,149694
11,7,2,B,1552724,167761
11,7,3,B,1891227,204936
11,7,4,B,2105365,228293
11,7,5,B,2588594,281459
11,7,6,B,2715521,295342
11,7,7,B,3160151,344708
11,7,8,B,2280027,248681
11,7,9,B,3173624,346296
11,7,10,B,3266361,356365
11,8,1,B,1612299,174852
11,8,2,B,1702526,184247
11,8,3,B,1928135,209005
11,8,4,B,2089963,226605
11,8,5,B,2370873,257435
11,8,6,B,3349354,363829
11,8,7,B,2648788,287101
11,8,8,B,3430183,373123
11,8,9,B,2869780,312059
11,8,10,B,3141999,342477
11,9,1,B,1827929,198546
11,9,2,B,2018627,218924
11,9,3,B,2252254,244655
11,9,4,B,2383070,258783
11,9,5,B,2715772,295888
11,9,6,B,3651809,397509
11,9,7,B,2759119,300198
11,9,8,B,3644620,397085
11,9,9,B,3072602,335104
11,9,10,B,3181116,346781
11,10,1,B,1889988,205076
11,10,2,B,1946422,210600
11,10,3,B,2150859,233431
11,10,4,B,2346869,254955
11,10,5,B,3060066,333683
11,10,6,B,2960348,322888
11,10,7,B,3197406,347915
11,10,8,B,3976821,433823
11,10,9,B,3009567,327731
11,10,10,B,3247694,353825
12,1,1,B,600979,64163
12,1,2,B,371300,38926
12,1,3,B,1219451,131716
12,1,4,B,722928,77635
12,1,5,B,1116806,121299
12,1,6,B,1530317,166886
12,1,7,B,1523120,165172
12,1,8,B,1140059,123474
12,1,9,B,1324125,143484
12,1,10,B,1464720,158615
12,2,1,B,830903,89110
12,2,2,B,726858,77461
12,2,3,B,1502880,162183
12,2,4,B,853557,91434
12,2,5,B,1200550,129739
12,2,6,B,1549984,167972
12,2,7,B,1649632,178304
12,2,8,B,1234223,133478
12,2,9,B,1418863,153516
12,2,10,B,1560222,168694
12,3,1,B,583294,62288
12,3,2,B,764377,81345
12,3,3,B,1150803,123859
12,3,4,B,986503,105406
12,3,5,B,1419782,152851
12,3,6,B,1698792,183869
12,3,7,B,1802171,194592
12,3,8,B,1355306,146391
12,3,9,B,1552109,167606
12,3,10,B,1718449,186039
12,4,1,B,1048688,113544
12,4,2,B,1229513,132457
12,4,3,B,1721774,186778
12,4,4,B,1402687,151559
12,4,5,B,1882488,204099
12,4,6,B,2064449,224326
12,4,7,B,2115428,229539
12,4,8,B,1493790,161361
12,4,9,B,1689456,182387
12,4,10,B,1858378,201126
12,5,1,B,1749088,191647
12,5,2,B,1887595,205629
12,5,3,B,2425981,265308
12,5,4,B,1992013,216991
12,5,5,B,2463602,268606
12,5,6,B,2605047,284367
12,5,7,B,2661645,289974
12,5,8,B,1697552,183780
12,5,9,B,1895404,205021
12,5,10,B,2060704,223396
12,6,1,B,1825825,199635
12,6,2,B,1907348,207767
12,6,3,B,2175471,237245
12,6,4,B,2369358,258268
12,6,5,B,2938662,320793
12,6,6,B,2914146,317482
12,6,7,B,3030041,330010
12,6,8,B,1881496,203764
12,6,9,B,2082117,225323
12,6,10,B,2266288,245551
12,7,1,B,852616,91892
12,7,2,B,925997,99574
12,7,3,B,1082285,116610
12,7,4,B,1174904,126607
12,7,5,B,1444285,156100
12,7,6,B,1585468,171475
12,7,7,B,1727171,186782
12,7,8,B,1914297,207039
12,7,9,B,2135248,230920
12,7,10,B,2327785,252272
12,8,1,B,1018327,109851
12,8,2,B,1091874,117543
12,8,3,B,1248763,134658
12,8,4,B,1341442,144658
12,8,5,B,1596458,172481
12,8,6,B,1729847,186995
12,8,7,B,1944677,210358
12,8,8,B,2075411,224420
12,8,9,B,2285417,247543
12,8,10,B,2410629,260978
12,9,1,B,1154736,124553
12,9,2,B,1228283,132245
12,9,3,B,1385172,149360
12,9,4,B,1477925,159362
12,9,5,B,1731396,187011
12,9,6,B,1862391,201264
12,9,7,B,2076212,224512
12,9,8,B,2198546,237647
12,9,9,B,2446855,264936
12,9,10,B,2557236,276700
12,10,1,B,1270656,137485
12,10,2,B,1320900,142734
12,10,3,B,1461646,158002
12,10,4,B,1554053,167927
12,10,5,B,1771108,191551
12,10,6,B,1852076,200190
12,10,7,B,2011572,217513
12,10,8,B,2248020,243497
12,10,9,B,2425337,262894
12,10,10,B,2656006,288196
13,1,1,B,581178,61578
13,1,2,B,612843,64817
13,1,3,B,550891,57589
13,1,4,B,1036625,111295
13,1,5,B,1306889,140304
13,1,6,B,1801347,194738
13,1,7,B,1239128,133743
13,1,8,B,2132964,232107
13,1,9,B,2590119,282566
13,1,10,B,2714582,295519
13,2,1,B,540252,57046
13,2,2,B,767908,81233
13,2,3,B,849448,90076
13,2,4,B,1309198,140816
13,2,5,B,1504252,161396
13,2,6,B,2066571,223341
13,2,7,B,1369177,147560
13,2,8,B,2324086,252821
13,2,9,B,2792456,304121
13,2,10,B,2918090,317234
13,3,1,B,780679,83419
13,3,2,B,940450,100212
13,3,3,B,1214945,129796
13,3,4,B,1709625,184629
13,3,5,B,1888374,203703
13,3,6,B,2807306,305167
13,3,7,B,1600161,172949
13,3,8,B,2665543,290552
13,3,9,B,3049513,332363
13,3,10,B,3086953,335411
13,4,1,B,1296080,140145
13,4,2,B,1431654,154391
13,4,3,B,1629144,175103
13,4,4,B,1992432,215845
13,4,5,B,2386650,258802
13,4,6,B,3340937,363905
13,4,7,B,2020973,219827
13,4,8,B,3181140,347981
13,4,9,B,3593985,393221
13,4,10,B,3616834,394891
13,5,1,B,1355618,146779
13,5,2,B,1460494,157777
13,5,3,B,1605651,172716
13,5,4,B,2057682,222734
13,5,5,B,2460067,265955
13,5,6,B,3000746,325663
13,5,7,B,2210083,239894
13,5,8,B,3258958,354982
13,5,9,B,3823992,417754
13,5,10,B,3884115,423525
13,6,1,B,1405498,151997
13,6,2,B,1525491,164586
13,6,3,B,1725167,186170
13,6,4,B,2181429,236840
13,6,5,B,2589954,280814
13,6,6,B,3045061,330787
13,6,7,B,2481981,269481
13,6,8,B,3579401,390116
13,6,9,B,4068975,444623
13,6,10,B,4222539,460856
13,7,1,B,1781529,193536
13,7,2,B,1890629,205011
13,7,3,B,2048858,221634
13,7,4,B,2527573,274701
13,7,5,B,3411436,371105
13,7,6,B,3613148,392658
13,7,7,B,2669817,290388
13,7,8,B,3348761,365150
13,7,9,B,3935413,429685
13,7,10,B,4202409,458816
13,8,1,B,2534382,276084
13,8,2,B,2565937,278640
13,8,3,B,2817026,305599
13,8,4,B,3281637,356944
13,8,5,B,3889688,423863
13,8,6,B,4146851,451299
13,8,7,B,3283680,357958
13,8,8,B,4449828,486070
13,8,9,B,4701868,512972
13,8,10,B,4728340,515549
13,9,1,B,1963684,213217
13,9,2,B,2114806,229583
13,9,3,B,2195198,237839
13,9,4,B,2526775,274611
13,9,5,B,2770290,300750
13,9,6,B,3057447,332402
13,9,7,B,3177004,345436
13,9,8,B,3547575,386012
13,9,9,B,4040734,440252
13,9,10,B,4221222,459845
13,10,1,B,2213777,240390
13,10,2,B,2376734,258157
13,10,3,B,2457657,266416
13,10,4,B,2763650,300293
13,10,5,B,3053951,331954
13,10,6,B,3314950,360285
13,10,7,B,3562899,387285
13,10,8,B,3913879,425770
13,10,9,B,4563113,497400
13,10,10,B,4551890,496169
14,1,1,B,841842,90014
14,1,2,B,1495594,161188
14,1,3,B,666490,70875
14,1,4,B,1217656,132326
14,1,5,B,1914205,209166
14,1,6,B,2548686,280055
14,1,7,B,1930857,209853
14,1,8,B,2259887,246520
14,1,9,B,2454024,267477
14,1,10,B,2440893,265667
14,2,1,B,671872,71446
14,2,2,B,1116523,119790
14,2,3,B,886753,94562
14,2,4,B,1435254,155661
14,2,5,B,2098247,228492
14,2,6,B,2684346,294177
14,2,7,B,2060101,223447
14,2,8,B,2427756,264399
14,2,9,B,2618019,284917
14,2,10,B,2596919,282270
14,3,1,B,876960,93202
14,3,2,B,1185715,126546
14,3,3,B,1132676,120734
14,3,4,B,1713871,185477
14,3,5,B,2456805,267361
14,3,6,B,2972527,324904
14,3,7,B,2249216,243854
14,3,8,B,2505647,272294
14,3,9,B,2811176,305771
14,3,10,B,2681123,290859
14,4,1,B,970028,103976
14,4,2,B,1098549,117663
14,4,3,B,1272831,135926
14,4,4,B,1642017,176685
14,4,5,B,3119871,340903
14,4,6,B,2760778,299583
14,4,7,B,2580692,279894
14,4,8,B,2834074,308202
14,4,9,B,3017344,327964
14,4,10,B,3077195,334515
14,5,1,B,1427856,154234
14,5,2,B,1536357,165458
14,5,3,B,1689618,181344
14,5,4,B,2085012,224937
14,5,5,B,3434780,374942
14,5,6,B,3259559,354060
14,5,7,B,2999402,325579
14,5,8,B,3232949,351475
14,5,9,B,3424843,372122
14,5,10,B,3397480,369360
14,6,1,B,1862671,202021
14,6,2,B,2016699,218449
14,6,3,B,2201742,237844
14,6,4,B,2603250,281984
14,6,5,B,4220880,461336
14,6,6,B,3730870,405787
14,6,7,B,3447224,374524
14,6,8,B,3500786,380464
14,6,9,B,3695990,401611
14,6,10,B,3328203,360831
14,7,1,B,2370370,259000
14,7,2,B,2353816,255815
14,7,3,B,2597366,282478
14,7,4,B,3057854,332950
14,7,5,B,3712769,405457
14,7,6,B,4992780,545833
14,7,7,B,4402080,481151
14,7,8,B,4573257,500227
14,7,9,B,4973852,544775
14,7,10,B,4187362,456633
14,8,1,B,2570138,280000
14,8,2,B,2645622,287223
14,8,3,B,2812344,305007
14,8,4,B,3330459,362251
14,8,5,B,4038648,440765
14,8,6,B,4773874,521409
14,8,7,B,4615854,503675
14,8,8,B,4506863,491998
14,8,9,B,4962256,541310
14,8,10,B,4422282,481962
14,9,1,B,3224132,352407
14,9,2,B,3252373,354241
14,9,3,B,3375571,367154
14,9,4,B,3954487,430961
14,9,5,B,4681772,511562
14,9,6,B,5221616,570523
14,9,7,B,5233258,571544
14,9,8,B,5319196,581498
14,9,9,B,5564084,607536
14,9,10,B,5137604,561074
14,10,1,B,3463303,379036
14,10,2,B,3467881,378810
14,10,3,B,3620279,395039
14,10,4,B,4298654,470316
14,10,5,B,4778395,523035
14,10,6,B,6239300,682830
14,10,7,B,5278768,576749
14,10,8,B,5815896,635412
14,10,9,B,6089533,665262
14,10,10,B,5856522,640311
15,1,1,B,802365,85429
15,1,2,B,1207891,130459
15,1,3,B,1467259,159676
15,1,4,B,2350507,257422
15,1,5,B,2421215,264903
15,1,6,B,2982357,326060
15,1,7,B,4084256,448975
15,1,8,B,3723216,410092
15,1,9,B,4400475,485419
15,1,10,B,4864076,536437
15,2,1,B,1262190,136241
15,2,2,B,1903573,206457
15,2,3,B,1884385,205366
15,2,4,B,2752887,301489
15,2,5,B,2822972,308879
15,2,6,B,3384995,370071
15,2,7,B,4661175,512931
15,2,8,B,4087860,450047
15,2,9,B,4891828,539373
15,2,10,B,5352615,590031
15,3,1,B,1192049,128995
15,3,2,B,1460911,158283
15,3,3,B,2284829,249299
15,3,4,B,3205160,351259
15,3,5,B,3716448,406705
15,3,6,B,3924264,430023
15,3,7,B,4324358,474810
15,3,8,B,5377605,591137
15,3,9,B,6333601,697048
15,3,10,B,7010342,771328
15,4,1,B,1963691,213660
15,4,2,B,2318029,252495
15,4,3,B,3095008,338156
15,4,4,B,4017722,440401
15,4,5,B,3880436,424934
15,4,6,B,4349917,476300
15,4,7,B,4898267,537614
15,4,8,B,6229930,685453
15,4,9,B,6907869,759241
15,4,10,B,7530170,827077
15,5,1,B,2836318,310287
15,5,2,B,3201211,350198
15,5,3,B,3982671,436344
15,5,4,B,4900085,537975
15,5,5,B,4730241,519019
15,5,6,B,5390789,592004
15,5,7,B,5743733,631955
15,5,8,B,6943935,764153
15,5,9,B,7487336,822874
15,5,10,B,8093783,888928
15,6,1,B,3567054,390904
15,6,2,B,3958038,433685
15,6,3,B,4758086,521773
15,6,4,B,5660225,620814
15,6,5,B,5203961,570601
15,6,6,B,5845645,641311
15,6,7,B,6271238,690038
15,6,8,B,7454120,818862
15,6,9,B,6803109,750558
15,6,10,B,7261651,800870
15,7,1,B,3767278,412761
15,7,2,B,4204923,460966
15,7,3,B,4998828,548934
15,7,4,B,5659530,621163
15,7,5,B,5950929,652829
15,7,6,B,6577548,721659
15,7,7,B,7119607,782987
15,7,8,B,8290136,911046
15,7,9,B,7270483,801543
15,7,10,B,7720479,850947
15,8,1,B,4290677,470079
15,8,2,B,4895746,537051
15,8,3,B,5575184,611758
15,8,4,B,7887747,866349
15,8,5,B,6561710,720773
15,8,6,B,7715400,848279
15,8,7,B,8850121,973604
15,8,8,B,9245275,1017559
15,8,9,B,9199761,1012502
15,8,10,B,9789848,1077026
15,9,1,B,3734464,409699
15,9,2,B,4083255,447686
15,9,3,B,4827097,530221
15,9,4,B,6535042,719124
15,9,5,B,7123521,782746
15,9,6,B,7556637,828779
15,9,7,B,8087299,888213
15,9,8,B,9712748,1069132
15,9,9,B,9315862,1024455
15,9,10,B,9801038,1077061
15,10,1,B,4355108,478423
15,10,2,B,4749231,521504
15,10,3,B,5469377,601369
15,10,4,B,7382981,813206
15,10,5,B,7257427,798764
15,10,6,B,8474077,930300
15,10,7,B,8835713,970290
15,10,8,B,8848323,972869
15,10,9,B,10076684,1109220
15,10,10,B,10716301,1179274
16,1,1,B,1725854,186833
16,1,2,B,1228450,131825
16,1,3,B,1072920,114742
16,1,4,B,1091781,116706
16,1,5,B,2904081,316433
16,1,6,B,3960915,432863
16,1,7,B,3036112,332142
16,1,8,B,3196090,349375
16,1,9,B,3595270,393574
16,1,10,B,4583614,503414
16,2,1,B,1262904,136344
16,2,2,B,1837172,198310
16,2,3,B,1312493,140231
16,2,4,B,1305984,139625
16,2,5,B,3225101,350499
16,2,6,B,4316654,470727
16,2,7,B,3236319,353381
16,2,8,B,3442962,376038
16,2,9,B,3780658,413224
16,2,10,B,4717045,516671
16,3,1,B,1101427,117804
16,3,2,B,1398332,149448
16,3,3,B,1625274,174215
16,3,4,B,1661334,178052
16,3,5,B,3527940,382688
16,3,6,B,4601777,501036
16,3,7,B,3579306,390490
16,3,8,B,3902564,426307
16,3,9,B,4070741,444518
16,3,10,B,5022752,549973
16,4,1,B,2064857,224588
16,4,2,B,2435550,264921
16,4,3,B,2726902,295845
16,4,4,B,2250671,243116
16,4,5,B,2944733,320448
16,4,6,B,3750843,409092
16,4,7,B,4140530,452697
16,4,8,B,4332084,473569
16,4,9,B,4604596,503669
16,4,10,B,5648642,619544
16,5,1,B,2567091,279671
16,5,2,B,2782640,302300
16,5,3,B,3069757,333327
16,5,4,B,2777681,301105
16,5,5,B,3509733,381998
16,5,6,B,4339155,473264
16,5,7,B,4712687,515073
16,5,8,B,4984551,546089
16,5,9,B,5284596,579122
16,5,10,B,6353067,697694
16,6,1,B,3092128,336951
16,6,2,B,3390858,369141
16,6,3,B,3847319,419032
16,6,4,B,3892481,423889
16,6,5,B,4373191,477916
16,6,6,B,5138232,561732
16,6,7,B,5423547,593909
16,6,8,B,6294993,690996
16,6,9,B,6113048,670639
16,6,10,B,7197413,791306
16,7,1,B,3086211,336806
16,7,2,B,3358558,366371
16,7,3,B,3758237,410511
16,7,4,B,4284477,467901
16,7,5,B,4864390,532116
16,7,6,B,5651782,618605
16,7,7,B,6109669,669730
16,7,8,B,6768892,743008
16,7,9,B,6731911,738743
16,7,10,B,7853407,863177
16,8,1,B,4523701,497035
16,8,2,B,4769744,523259
16,8,3,B,4474093,490419
16,8,4,B,5009596,548893
16,8,5,B,6710299,735554
16,8,6,B,7748015,850100
16,8,7,B,7066389,776303
16,8,8,B,7634513,839220
16,8,9,B,7451800,818149
16,8,10,B,8430275,926421
16,9,1,B,5077550,559037
16,9,2,B,5075250,557497
16,9,3,B,5319731,584610
16,9,4,B,5771567,632841
16,9,5,B,6328305,693435
16,9,6,B,7189634,788099
16,9,7,B,7799931,855221
16,9,8,B,8664331,953442
16,9,9,B,9091561,998838
16,9,10,B,10685654,1176321
16,10,1,B,4471169,490933
16,10,2,B,4590040,503501
16,10,3,B,4940859,542019
16,10,4,B,6108711,670426
16,10,5,B,5816743,637895
16,10,6,B,6520057,715474
16,10,7,B,6839622,750732
16,10,8,B,8753927,960160
16,10,9,B,9888093,1085436
16,10,10,B,10939740,1202669
17,1,1,B,752997,79213
17,1,2,B,1093675,117066
17,1,3,B,1122583,119474
17,1,4,B,1647610,178265
17,1,5,B,2312487,251554
17,1,6,B,2615978,285679
17,1,7,B,3325986,363582
17,1,8,B,4112248,449915
17,1,9,B,5872050,646035
17,1,10,B,3586840,392478
17,2,1,B,711394,74785
17,2,2,B,1260263,134923
17,2,3,B,1421143,151559
17,2,4,B,2308005,249733
17,2,5,B,2837703,308589
17,2,6,B,2939476,320450
17,2,7,B,3614192,394624
17,2,8,B,4384251,479490
17,2,9,B,6208149,682063
17,2,10,B,3896821,426398
17,3,1,B,964125,102241
17,3,2,B,1184418,125759
17,3,3,B,1552739,165379
17,3,4,B,2529645,273270
17,3,5,B,3262431,354477
17,3,6,B,3424999,373415
17,3,7,B,5014089,548390
17,3,8,B,5947609,649698
17,3,9,B,6668441,731449
17,3,10,B,4781748,523451
17,4,1,B,1859280,200718
17,4,2,B,2356376,254998
17,4,3,B,2651063,286729
17,4,4,B,3760203,409886
17,4,5,B,4762548,520939
17,4,6,B,5369092,589526
17,4,7,B,5635360,617504
17,4,8,B,6718549,738307
17,4,9,B,7893314,867850
17,4,10,B,6836009,751633
17,5,1,B,3347866,366639
17,5,2,B,3440974,376162
17,5,3,B,3853839,420830
17,5,4,B,4331420,473379
17,5,5,B,5590301,613043
17,5,6,B,6315575,694387
17,5,7,B,6690005,735210
17,5,8,B,7774816,855792
17,5,9,B,8961827,987760
17,5,10,B,8039742,886221
17,6,1,B,3394115,371482
17,6,2,B,3707808,405490
17,6,3,B,3596153,391205
17,6,4,B,4865320,530845
17,6,5,B,6725027,738971
17,6,6,B,6996214,769553
17,6,7,B,7734441,850768
17,6,8,B,7827376,858863
17,6,9,B,8435627,930089
17,6,10,B,8707285,959989
17,7,1,B,3776872,413203
17,7,2,B,4312324,471609
17,7,3,B,4350405,475162
17,7,4,B,5495371,601773
17,7,5,B,7488512,822871
17,7,6,B,7398755,812491
17,7,7,B,8679905,956158
17,7,8,B,8628181,947499
17,7,9,B,9409230,1033780
17,7,10,B,9041450,995232
17,8,1,B,5293473,581763
17,8,2,B,5399934,592480
17,8,3,B,5748056,629500
17,8,4,B,5889673,645737
17,8,5,B,7099112,780182
17,8,6,B,7882963,865690
17,8,7,B,10652996,1174110
17,8,8,B,9108310,1002065
17,8,9,B,11380265,1253449
17,8,10,B,8198802,902236
17,9,1,B,5865306,645470
17,9,2,B,6336039,696977
17,9,3,B,6023408,660225
17,9,4,B,6887970,756456
17,9,5,B,8146158,895918
17,9,6,B,8697363,956493
17,9,7,B,9163855,1008766
17,9,8,B,10127335,1111567
17,9,9,B,11906161,1309456
17,9,10,B,10814934,1190987
17,10,1,B,6504980,715420
17,10,2,B,6384641,701999
17,10,3,B,7037170,772637
17,10,4,B,7948236,874642
17,10,5,B,9125545,1005045
17,10,6,B,10868257,1197087
17,10,7,B,11038726,1216690
17,10,8,B,11043189,1214587
17,10,9,B,12792050,1409654
17,10,10,B,11726575,1291668
18,1,1,B,1397949,150085
18,1,2,B,1150093,122450
18,1,3,B,1056528,112402
18,1,4,B,1559627,167370
18,1,5,B,1208040,128450
18,1,6,B,2031087,220645
18,1,7,B,4074836,444878
18,1,8,B,5134382,563753
18,1,9,B,5870802,646015
18,1,10,B,4990271,547514
18,2,1,B,1152778,122707
18,2,2,B,1811369,194231
18,2,3,B,1725728,185611
18,2,4,B,1968437,211295
18,2,5,B,1478390,157515
18,2,6,B,2301948,249757
18,2,7,B,3743255,407429
18,2,8,B,5452650,596495
18,2,9,B,5915717,647250
18,2,10,B,5014915,548939
18,3,1,B,3042579,333280
18,3,2,B,3566454,389388
18,3,3,B,2389992,258050
18,3,4,B,3452488,374833
18,3,5,B,3688415,402286
18,3,6,B,4588895,502409
18,3,7,B,5198330,568724
18,3,8,B,6018826,660132
18,3,9,B,6994766,767561
18,3,10,B,5884176,645364
18,4,1,B,5267027,579924
18,4,2,B,5842546,641806
18,4,3,B,4750231,520861
18,4,4,B,4742510,516642
18,4,5,B,3789234,411954
18,4,6,B,6013681,660782
18,4,7,B,6173281,676361
18,4,8,B,7265979,797277
18,4,9,B,8377764,921603
18,4,10,B,7477620,819354
18,5,1,B,2253307,242990
18,5,2,B,2575271,278178
18,5,3,B,3356439,364085
18,5,4,B,3466412,374838
18,5,5,B,3505869,380157
18,5,6,B,4569009,499040
18,5,7,B,6434933,700802
18,5,8,B,7748913,846808
18,5,9,B,11074531,1219195
18,5,10,B,7327050,804685
18,6,1,B,3131771,341133
18,6,2,B,3381794,368178
18,6,3,B,3802386,414062
18,6,4,B,4227027,459867
18,6,5,B,4166348,453175
18,6,6,B,5296659,579684
18,6,7,B,7229540,789025
18,6,8,B,6959272,761921
18,6,9,B,7789308,854333
18,6,10,B,9132784,1004653
18,7,1,B,3892455,426235
18,7,2,B,4219274,461978
18,7,3,B,4459239,487762
18,7,4,B,5216682,570320
18,7,5,B,5115913,559662
18,7,6,B,6223548,683546
18,7,7,B,7896396,864682
18,7,8,B,7932285,870779
18,7,9,B,10450144,1150384
18,7,10,B,9844909,1083336
18,8,1,B,5045055,554957
18,8,2,B,5270048,578925
18,8,3,B,5496965,603134
18,8,4,B,6305759,691311
18,8,5,B,7290741,800061
18,8,6,B,8717207,959227
18,8,7,B,7848810,861087
18,8,8,B,9794875,1076173
18,8,9,B,10742476,1181368
18,8,10,B,11492854,1268491
18,9,1,B,6145541,676526
18,9,2,B,6679007,735543
18,9,3,B,6630606,729125
18,9,4,B,7851934,863555
18,9,5,B,8851146,974006
18,9,6,B,10281099,1133665
18,9,7,B,10978870,1208771
18,9,8,B,11218637,1235912
18,9,9,B,12377126,1365073
18,9,10,B,12756692,1409848
18,10,1,B,7380577,812681
18,10,2,B,7814121,860264
18,10,3,B,7294824,802306
18,10,4,B,7961024,875511
18,10,5,B,8648524,951071
18,10,6,B,9773309,1076217
18,10,7,B,13640695,1503882
18,10,8,B,10520093,1157033
18,10,9,B,11549739,1271628
18,10,10,B,13510771,1492743
19,1,1,B,1613174,173375
19,1,2,B,1147492,121402
19,1,3,B,1140052,121066
19,1,4,B,1657340,177663
19,1,5,B,2684177,290015
19,1,6,B,2164967,233221
19,1,7,B,3010758,327372
19,1,8,B,3660446,398373
19,1,9,B,4395194,480040
19,1,10,B,6614534,726751
19,2,1,B,1105263,117313
19,2,2,B,1502880,159862
19,2,3,B,1539979,164388
19,2,4,B,1809405,193501
19,2,5,B,2387161,256655
19,2,6,B,2372450,255469
19,2,7,B,3210832,348757
19,2,8,B,3834016,416520
19,2,9,B,5628920,616015
19,2,10,B,6696418,734160
19,3,1,B,1516196,162547
19,3,2,B,1833582,196548
19,3,3,B,2159728,231783
19,3,4,B,2573653,277082
19,3,5,B,3645488,393987
19,3,6,B,2690378,290208
19,3,7,B,3472447,376920
19,3,8,B,4131186,448958
19,3,9,B,4653686,506606
19,3,10,B,6968384,762983
19,4,1,B,1992060,214811
19,4,2,B,2199319,236643
19,4,3,B,2451480,263386
19,4,4,B,3000783,322906
19,4,5,B,3662796,395493
19,4,6,B,4241432,459009
19,4,7,B,5524645,601858
19,4,8,B,5397154,587355
19,4,9,B,6735623,736101
19,4,10,B,7664716,838793
19,5,1,B,2680733,289849
19,5,2,B,2923643,315589
19,5,3,B,3156357,340215
19,5,4,B,3741100,403757
19,5,5,B,4098325,442419
19,5,6,B,5610202,608531
19,5,7,B,7020254,765904
19,5,8,B,6140017,668527
19,5,9,B,5803307,632271
19,5,10,B,8572306,938291
19,6,1,B,3509407,380916
19,6,2,B,3724435,403613
19,6,3,B,4030025,436530
19,6,4,B,4643174,502990
19,6,5,B,5087309,551528
19,6,6,B,5558140,603308
19,6,7,B,6892597,752259
19,6,8,B,7930738,864512
19,6,9,B,6529932,712704
19,6,10,B,10739892,1176564
19,7,1,B,4115310,449333
19,7,2,B,4036330,437848
19,7,3,B,4570150,497383
19,7,4,B,5087830,553603
19,7,5,B,5882707,638795
19,7,6,B,6502083,707108
19,7,7,B,7507243,819678
19,7,8,B,8864715,968079
19,7,9,B,7394440,808231
19,7,10,B,11062142,1210574
19,8,1,B,4225354,459924
19,8,2,B,4466654,484791
19,8,3,B,4624965,502095
19,8,4,B,5054139,548427
19,8,5,B,5658853,614484
19,8,6,B,6345541,689835
19,8,7,B,7780033,849932
19,8,8,B,8259895,901926
19,8,9,B,8243465,902345
19,8,10,B,10642927,1165203
19,9,1,B,4248522,462840
19,9,2,B,4486361,488166
19,9,3,B,4617190,501886
19,9,4,B,5495263,597317
19,9,5,B,6170077,671627
19,9,6,B,6543607,712540
19,9,7,B,7315413,797952
19,9,8,B,8631147,944819
19,9,9,B,12452273,1364747
19,9,10,B,10522393,1151935
19,10,1,B,6424907,706847
19,10,2,B,6699276,736120
19,10,3,B,6886774,755775
19,10,4,B,7589928,831490
19,10,5,B,10580947,1160365
19,10,6,B,10998227,1205351
19,10,7,B,12327193,1352858
19,10,8,B,13653207,1502263
19,10,9,B,13778572,1514846
19,10,10,B,16782079,1847164
20,1,1,B,1629384,173215
20,1,2,B,1151057,121506
20,1,3,B,2808508,305650
20,1,4,B,2325180,251623
20,1,5,B,1795684,191627
20,1,6,B,2286962,246358
20,1,7,B,2696668,291409
20,1,8,B,3528233,382741
20,1,9,B,4369136,476395
20,1,10,B,5086864,554415
20,2,1,B,1042023,110193
20,2,2,B,1490534,158288
20,2,3,B,3145087,341420
20,2,4,B,3135440,340091
20,2,5,B,2004606,214160
20,2,6,B,2493374,268556
20,2,7,B,2894671,312744
20,2,8,B,3726596,404094
20,2,9,B,4568941,497890
20,2,10,B,5287187,575984
20,3,1,B,1497772,160261
20,3,2,B,1757864,187967
20,3,3,B,2598089,280388
20,3,4,B,3426935,371123
20,3,5,B,2538582,272217
20,3,6,B,2909963,314172
20,3,7,B,3281224,355384
20,3,8,B,3997807,433329
20,3,9,B,4791814,521741
20,3,10,B,5508732,599632
20,4,1,B,2340855,252609
20,4,2,B,2598629,280016
20,4,3,B,3436352,372047
20,4,4,B,3518404,380537
20,4,5,B,3095011,333265
20,4,6,B,3616094,391912
20,4,7,B,3956178,429639
20,4,8,B,4817757,524202
20,4,9,B,5474252,596967
20,4,10,B,6207390,676465
20,5,1,B,2359934,254806
20,5,2,B,2576916,277775
20,5,3,B,2853031,307136
20,5,4,B,3703996,400478
20,5,5,B,3721022,401389
20,5,6,B,4144458,448832
20,5,7,B,4460323,483933
20,5,8,B,5512733,600302
20,5,9,B,5821449,634217
20,5,10,B,6548442,713485
20,6,1,B,2823950,305596
20,6,2,B,3294767,356625
20,6,3,B,3576121,386579
20,6,4,B,4235846,458835
20,6,5,B,4171454,450772
20,6,6,B,4860030,528080
20,6,7,B,5392121,586705
20,6,8,B,6325042,689580
20,6,9,B,6694912,730862
20,6,10,B,7542855,823752
20,7,1,B,4267817,465586
20,7,2,B,4631492,504342
20,7,3,B,5106303,556060
20,7,4,B,6109007,666836
20,7,5,B,5700492,619475
20,7,6,B,5841773,636961
20,7,7,B,6311783,688544
20,7,8,B,7417090,810458
20,7,9,B,7566213,826955
20,7,10,B,8260762,902971
20,8,1,B,5986579,657092
20,8,2,B,6102153,667454
20,8,3,B,6732600,736976
20,8,4,B,7582406,830280
20,8,5,B,7215850,787653
20,8,6,B,7047625,770708
20,8,7,B,7604073,832176
20,8,8,B,8696406,952597
20,8,9,B,8947269,980826
20,8,10,B,9538107,1044962
20,9,1,B,6183525,680700
20,9,2,B,9188930,1013948
20,9,3,B,9353454,1029521
20,9,4,B,10054871,1106147
20,9,5,B,7427075,813783
20,9,6,B,8869151,971664
20,9,7,B,8627913,945191
20,9,8,B,9727495,1066205
20,9,9,B,9810595,1075386
20,9,10,B,10564801,1157546
20,10,1,B,6560031,719552
20,10,2,B,9415602,1033118
20,10,3,B,9561464,1046673
20,10,4,B,10899294,1196147
20,10,5,B,9197452,1005886
20,10,6,B,9799818,1073039
20,10,7,B,9538097,1043727
20,10,8,B,10610460,1162437
20,10,9,B,11448432,1255559
20,10,10,B,12663751,1389609
10,1,1,C,673464,72691
10,1,2,C,904730,98423
10,1,3,C,1180369,128902
10,1,4,C,1338909,146733
10,1,5,C,1962274,216496
10,1,6,C,2044106,225035
10,1,7,C,2342130,257873
10,1,8,C,2222787,244202
10,1,9,C,2428783,266239
10,1,10,C,2780535,304827
10,2,1,C,1127735,123876
10,2,2,C,1463895,160588
10,2,3,C,1402376,152886
10,2,4,C,1521799,166450
10,2,5,C,2110809,232091
10,2,6,C,2192820,240627
10,2,7,C,2485239,272937
10,2,8,C,2307788,253005
10,2,9,C,2515092,275186
10,2,10,C,2830523,309464
10,3,1,C,677885,73422
10,3,2,C,1123904,122484
10,3,3,C,1471032,160564
10,3,4,C,1928322,211197
10,3,5,C,2245239,245501
10,3,6,C,2334202,254967
10,3,7,C,2548845,278349
10,3,8,C,2766542,301900
10,3,9,C,3193667,348546
10,3,10,C,2991537,326596
10,4,1,C,944997,103279
10,4,2,C,1397499,152891
10,4,3,C,1858517,203614
10,4,4,C,1951563,213499
10,4,5,C,2534434,278195
10,4,6,C,2680362,293753
10,4,7,C,2812188,307627
10,4,8,C,2559741,279835
10,4,9,C,2801302,305704
10,4,10,C,3872060,423456
10,5,1,C,1145987,124945
10,5,2,C,1623370,177512
10,5,3,C,1648357,179469
10,5,4,C,2139018,233831
10,5,5,C,2671219,292479
10,5,6,C,2881133,314566
10,5,7,C,3584904,392835
10,5,8,C,3537493,387073
10,5,9,C,3646690,397883
10,5,10,C,3910672,427127
10,6,1,C,1059801,114718
10,6,2,C,1530531,166670
10,6,3,C,1950594,212833
10,6,4,C,2042057,222182
10,6,5,C,2525028,275480
10,6,6,C,2667314,290129
10,6,7,C,3036512,330641
10,6,8,C,3465216,377722
10,6,9,C,3736471,406936
10,6,10,C,3952426,430381
10,7,1,C,1387872,151067
10,7,2,C,1836390,200356
10,7,3,C,2258228,246752
10,7,4,C,2170129,236134
10,7,5,C,2649717,289236
10,7,6,C,2761700,300735
10,7,7,C,3078322,335156
10,7,8,C,3374864,368037
10,7,9,C,3655844,398639
10,7,10,C,3698325,402160
10,8,1,C,1804131,196284
10,8,2,C,2327243,254135
10,8,3,C,2792059,305241
10,8,4,C,2996883,327122
10,8,5,C,3477813,380713
10,8,6,C,3704058,404674
10,8,7,C,4006596,437355
10,8,8,C,4033049,440222
10,8,9,C,4424920,482431
10,8,10,C,3949659,429102
10,9,1,C,1795170,194719
10,9,2,C,2260519,246462
10,9,3,C,2636449,287159
10,9,4,C,3005251,327576
10,9,5,C,3492843,381343
10,9,6,C,4159465,454631
10,9,7,C,4295526,468565
10,9,8,C,4367324,476699
10,9,9,C,4366591,475757
10,9,10,C,4906007,533982
10,10,1,C,2164323,235186
10,10,2,C,2636523,287065
10,10,3,C,2952448,321428
10,10,4,C,3737497,408283
10,10,5,C,4234087,462734
10,10,6,C,4515211,491884
10,10,7,C,4789928,521843
10,10,8,C,4928110,536051
10,10,9,C,5307024,577381
10,10,10,C,4836629,527041
11,1,1,C,763583,81525
11,1,2,C,818723,87142
11,1,3,C,1042252,111910
11,1,4,C,1102706,119138
11,1,5,C,1238565,133583
11,1,6,C,1468314,158931
11,1,7,C,1816405,196830
11,1,8,C,1381616,149099
11,1,9,C,1542556,166258
11,1,10,C,1941858,210548
11,2,1,C,1439655,156804
11,2,2,C,1709966,186423
11,2,3,C,1649066,178647
11,2,4,C,1239552,132750
11,2,5,C,1576484,169675
11,2,6,C,1731953,187453
11,2,7,C,2141153,232351
11,2,8,C,1513004,163283
11,2,9,C,1672699,180283
11,2,10,C,2057807,222856
11,3,1,C,1528673,166640
11,3,2,C,1901971,207325
11,3,3,C,2108723,229412
11,3,4,C,1646131,178042
11,3,5,C,1672416,180479
11,3,6,C,1949324,210612
11,3,7,C,2285111,247183
11,3,8,C,1758753,190314
11,3,9,C,1940020,209747
11,3,10,C,2409425,261860
11,4,1,C,1674407,181406
11,4,2,C,2040491,221382
11,4,3,C,2375481,257390
11,4,4,C,2106051,228234
11,4,5,C,2109502,228293
11,4,6,C,2341947,253590
11,4,7,C,2709456,293854
11,4,8,C,2000627,216883
11,4,9,C,2155526,233331
11,4,10,C,2635035,286250
11,5,1,C,2174478,239791
11,5,2,C,2543699,279622
11,5,3,C,2775460,304476
11,5,4,C,3027418,331672
11,5,5,C,3306220,361290
11,5,6,C,3112201,339978
11,5,7,C,3419191,372943
11,5,8,C,3047457,331772
11,5,9,C,3217066,349810
11,5,10,C,3497213,380154
11,6,1,C,2812230,311021
11,6,2,C,3169822,349455
11,6,3,C,3446030,379242
11,6,4,C,3673367,403439
11,6,5,C,3934560,430802
11,6,6,C,3719739,407281
11,6,7,C,3954322,431862
11,6,8,C,2350437,254510
11,6,9,C,2622272,284072
11,6,10,C,2971765,322003
11,7,1,C,3343511,369286
11,7,2,C,3712005,408754
11,7,3,C,3930539,432111
11,7,4,C,4192582,460139
11,7,5,C,4689774,514361
11,7,6,C,4167999,456081
11,7,7,C,4409109,481199
11,7,8,C,2628641,284849
11,7,9,C,2860029,309810
11,7,10,C,3268968,354344
11,8,1,C,3964893,437457
11,8,2,C,4340563,477810
11,8,3,C,3794239,415802
11,8,4,C,4071187,445781
11,8,5,C,4238266,463181
11,8,6,C,4514658,493305
11,8,7,C,4815393,525525
11,8,8,C,4907317,533763
11,8,9,C,4152112,450982
11,8,10,C,3553028,385243
11,9,1,C,2312333,252776
11,9,2,C,4190309,459755
11,9,3,C,3683410,402884
11,9,4,C,3831765,418637
11,9,5,C,4505596,491213
11,9,6,C,4800195,523002
11,9,7,C,5014137,545376
11,9,8,C,5046676,548485
11,9,9,C,5664581,616202
11,9,10,C,4697510,508869
11,10,1,C,2750636,301308
11,10,2,C,4875668,535590
11,10,3,C,4006691,438400
11,10,4,C,4120288,450001
11,10,5,C,5231047,571069
11,10,6,C,5433842,592125
11,10,7,C,5695497,619775
11,10,8,C,6800634,739400
11,10,9,C,5572080,605415
11,10,10,C,5123975,556416
12,1,1,C,653204,69234
12,1,2,C,1158143,125106
12,1,3,C,1615900,176045
12,1,4,C,1746552,191312
12,1,5,C,2115644,232598
12,1,6,C,2759799,303988
12,1,7,C,3281946,361932
12,1,8,C,3928910,433737
12,1,9,C,4797008,530794
12,1,10,C,4839402,534702
12,2,1,C,1007124,107346
12,2,2,C,1556417,167777
12,2,3,C,1857300,201680
12,2,4,C,2174208,238138
12,2,5,C,2306942,252507
12,2,6,C,3116552,342775
12,2,7,C,3526171,387834
12,2,8,C,4385663,484037
12,2,9,C,5067971,560045
12,2,10,C,5082925,560768
12,3,1,C,657966,69205
12,3,2,C,1127707,120538
12,3,3,C,1420177,152949
12,3,4,C,2118466,230547
12,3,5,C,2566037,280167
12,3,6,C,3314117,363048
12,3,7,C,3783858,415717
12,3,8,C,4723543,520285
12,3,9,C,5562240,613184
12,3,10,C,6038989,664096
12,4,1,C,1037465,111199
12,4,2,C,1321607,142237
12,4,3,C,1776651,192213
12,4,4,C,2509731,273615
12,4,5,C,2962952,323432
12,4,6,C,3728762,408345
12,4,7,C,4120410,452049
12,4,8,C,5058012,556729
12,4,9,C,5227342,574823
12,4,10,C,5652657,620025
12,5,1,C,1494069,161351
12,5,2,C,1760155,190454
12,5,3,C,2227796,241705
12,5,4,C,2969882,323915
12,5,5,C,3525570,385392
12,5,6,C,4374355,480098
12,5,7,C,4604366,505123
12,5,8,C,5165725,566802
12,5,9,C,6238934,686498
12,5,10,C,6336648,696536
12,6,1,C,1727028,187572
12,6,2,C,1946859,211605
12,6,3,C,2232525,242324
12,6,4,C,3156346,345822
12,6,5,C,3558111,390040
12,6,6,C,4288220,470594
12,6,7,C,4765874,523293
12,6,8,C,5931413,651421
12,6,9,C,5940642,651306
12,6,10,C,6868292,754312
12,7,1,C,2520405,275969
12,7,2,C,2738663,299758
12,7,3,C,3042124,332594
12,7,4,C,3836503,421056
12,7,5,C,4469902,491459
12,7,6,C,5113881,562279
12,7,7,C,5734884,631079
12,7,8,C,6415157,705378
12,7,9,C,6953436,763677
12,7,10,C,7633101,838156
12,8,1,C,2812374,307973
12,8,2,C,3028913,331552
12,8,3,C,3249138,354367
12,8,4,C,4244403,466318
12,8,5,C,4477491,490257
12,8,6,C,5543101,609407
12,8,7,C,6193539,681775
12,8,8,C,6969247,767757
12,8,9,C,7534399,829176
12,8,10,C,7673242,842667
12,9,1,C,3393054,372266
12,9,2,C,3613947,396210
12,9,3,C,3857305,421732
12,9,4,C,4849375,533115
12,9,5,C,5169602,568013
12,9,6,C,5940632,653540
12,9,7,C,6519963,715925
12,9,8,C,7379184,811925
12,9,9,C,7814210,858591
12,9,10,C,8452176,927371
12,10,1,C,3844969,422509
12,10,2,C,4059918,445808
12,10,3,C,4355486,477057
12,10,4,C,5454731,600502
12,10,5,C,5438808,595501
12,10,6,C,6040079,661243
12,10,7,C,7157863,787785
12,10,8,C,8365312,918083
12,10,9,C,8316999,912959
12,10,10,C,9865812,1083895
13,1,1,C,1131413,121966
13,1,2,C,1213752,130281
13,1,3,C,1682188,183070
13,1,4,C,1826253,198382
13,1,5,C,940725,100617
13,1,6,C,1396387,151211
13,1,7,C,1504705,162659
13,1,8,C,1562102,168712
13,1,9,C,2325539,253512
13,1,10,C,1803811,195428
13,2,1,C,1610822,176688
13,2,2,C,2186946,239244
13,2,3,C,2274808,248805
13,2,4,C,2131610,231799
13,2,5,C,1107048,118738
13,2,6,C,1561612,169185
13,2,7,C,1661308,179766
13,2,8,C,1719103,185848
13,2,9,C,2476280,269914
13,2,10,C,1918062,207976
13,3,1,C,2300308,253817
13,3,2,C,3016005,331872
13,3,3,C,3464622,381837
13,3,4,C,2898394,317778
13,3,5,C,1416376,152705
13,3,6,C,1870969,203157
13,3,7,C,1910610,207198
13,3,8,C,1967674,213206
13,3,9,C,2725505,297344
13,3,10,C,2095008,227358
13,4,1,C,2316533,255823
13,4,2,C,2661850,293018
13,4,3,C,3442014,379420
13,4,4,C,3635198,399037
13,4,5,C,2347908,255376
13,4,6,C,2933275,320239
13,4,7,C,2120652,229429
13,4,8,C,2196173,237612
13,4,9,C,2903424,315895
13,4,10,C,2253743,244377
13,5,1,C,3174375,350919
13,5,2,C,3536482,390114
13,5,3,C,4141231,455716
13,5,4,C,4882683,536664
13,5,5,C,2112189,228988
13,5,6,C,2566569,279296
13,5,7,C,2504730,271721
13,5,8,C,2573445,279016
13,5,9,C,3289096,358221
13,5,10,C,2539931,275646
13,6,1,C,4485809,497938
13,6,2,C,4807791,532112
13,6,3,C,5523763,610333
13,6,4,C,5701996,627988
13,6,5,C,2698526,294462
13,6,6,C,3107910,339573
13,6,7,C,2957097,322068
13,6,8,C,2962224,322184
13,6,9,C,3705922,404450
13,6,10,C,2735348,296618
13,7,1,C,5497085,611036
13,7,2,C,5788991,641590
13,7,3,C,6382010,705494
13,7,4,C,6590860,726533
13,7,5,C,3086815,337251
13,7,6,C,3495242,382152
13,7,7,C,3264913,355812
13,7,8,C,3265697,355492
13,7,9,C,4016158,438446
13,7,10,C,2921972,316913
13,8,1,C,7289455,813186
13,8,2,C,7404512,822890
13,8,3,C,7992463,885970
13,8,4,C,8456507,933606
13,8,5,C,4333063,476861
13,8,6,C,4769753,524866
13,8,7,C,4381324,480807
13,8,8,C,4408262,483460
13,8,9,C,5217684,572576
13,8,10,C,3626348,395492
13,9,1,C,8266233,921557
13,9,2,C,8294732,921964
13,9,3,C,8860364,982186
13,9,4,C,9213986,1017256
13,9,5,C,4895539,538837
13,9,6,C,5323772,585787
13,9,7,C,4918896,540002
13,9,8,C,4894310,536862
13,9,9,C,5693434,624797
13,9,10,C,3976068,433814
13,10,1,C,8804465,981189
13,10,2,C,9259039,1030833
13,10,3,C,9715288,1078614
13,10,4,C,10267628,1137037
13,10,5,C,5506735,606247
13,10,6,C,5920101,651401
13,10,7,C,5473371,600524
13,10,8,C,5450351,597564
13,10,9,C,6225645,682708
13,10,10,C,4335279,472891
14,1,1,C,2560478,282996
14,1,2,C,1693435,183982
14,1,3,C,3242033,358064
14,1,4,C,3262014,359442
14,1,5,C,4127950,454886
14,1,6,C,5081516,563372
14,1,7,C,5412064,601000
14,1,8,C,6555102,728379
14,1,9,C,7630858,848443
14,1,10,C,8454003,940111
14,2,1,C,2461820,270694
14,2,2,C,2456760,268649
14,2,3,C,3924550,433415
14,2,4,C,4025336,443464
14,2,5,C,4666082,514253
14,2,6,C,5893963,652554
14,2,7,C,5954102,660412
14,2,8,C,7124293,790750
14,2,9,C,8184706,908920
14,2,10,C,8958258,994980
14,3,1,C,1896835,207663
14,3,2,C,2507682,274406
14,3,3,C,3498112,384973
14,3,4,C,4852948,534657
14,3,5,C,5261260,579912
14,3,6,C,5805501,640276
14,3,7,C,6701458,742183
14,3,8,C,7859152,870706
14,3,9,C,8924939,989268
14,3,10,C,9614114,1066219
14,4,1,C,2536207,278144
14,4,2,C,2987451,326903
14,4,3,C,3806991,417822
14,4,4,C,4797916,528266
14,4,5,C,5914473,651426
14,4,6,C,6779011,747316
14,4,7,C,7421350,821764
14,4,8,C,8572778,949611
14,4,9,C,9785603,1084362
14,4,10,C,10950221,1213990
14,5,1,C,3573088,393810
14,5,2,C,3866176,424893
14,5,3,C,4204850,462184
14,5,4,C,5184319,571339
14,5,5,C,6648404,734078
14,5,6,C,8162309,900823
14,5,7,C,9450256,1041428
14,5,8,C,9999076,1101801
14,5,9,C,11324722,1248177
14,5,10,C,11871702,1309394
14,6,1,C,4094411,450838
14,6,2,C,4539594,499088
14,6,3,C,4873076,535641
14,6,4,C,5852015,644533
14,6,5,C,7320974,807901
14,6,6,C,7548638,832228
14,6,7,C,9802609,1081316
14,6,8,C,10974290,1210817
14,6,9,C,11901076,1311636
14,6,10,C,12765147,1409125
14,7,1,C,4285572,470926
14,7,2,C,4554694,499990
14,7,3,C,4788119,525220
14,7,4,C,5756115,632568
14,7,5,C,7962761,877541
14,7,6,C,8967927,987325
14,7,7,C,9939815,1096196
14,7,8,C,11255255,1241838
14,7,9,C,10848093,1195238
14,7,10,C,13325525,1469726
14,8,1,C,5644244,621977
14,8,2,C,5904035,649595
14,8,3,C,6649926,732090
14,8,4,C,7412366,816144
14,8,5,C,8839484,975047
14,8,6,C,10481109,1154463
14,8,7,C,11877968,1307801
14,8,8,C,12776989,1404348
14,8,9,C,14829515,1631142
14,8,10,C,16186797,1783151
14,9,1,C,5524914,608345
14,9,2,C,5651251,620823
14,9,3,C,6071580,666930
14,9,4,C,6724674,738924
14,9,5,C,7541597,829363
14,9,6,C,8269060,908769
14,9,7,C,9633589,1058775
14,9,8,C,11981611,1317767
14,9,9,C,13103351,1441142
14,9,10,C,14089281,1552422
14,10,1,C,5991029,659651
14,10,2,C,6228489,685170
14,10,3,C,6636262,729389
14,10,4,C,7183992,789362
14,10,5,C,7776893,854661
14,10,6,C,9220944,1014788
14,10,7,C,10448029,1150576
14,10,8,C,11486863,1264938
14,10,9,C,12364821,1361257
14,10,10,C,13064715,1436959
15,1,1,C,2146252,235777
15,1,2,C,1358795,146217
15,1,3,C,2290425,249478
15,1,4,C,2731058,298538
15,1,5,C,4008288,440531
15,1,6,C,4912424,541540
15,1,7,C,6248048,691237
15,1,8,C,6641746,734552
15,1,9,C,7966228,882240
15,1,10,C,9403801,1043075
15,2,1,C,1193414,129042
15,2,2,C,1941843,211232
15,2,3,C,3004339,328724
15,2,4,C,3414757,374464
15,2,5,C,4696440,516962
15,2,6,C,5613018,619143
15,2,7,C,6726710,742982
15,2,8,C,7224485,798574
15,2,9,C,8562568,947656
15,2,10,C,9951219,1102703
15,3,1,C,2140126,233594
15,3,2,C,2888925,315812
15,3,3,C,3950289,433114
15,3,4,C,4177673,458716
15,3,5,C,5458371,601045
15,3,6,C,6361996,701826
15,3,7,C,7466975,824708
15,3,8,C,7885958,871686
15,3,9,C,9201496,1018161
15,3,10,C,10590385,1173107
15,4,1,C,2470017,270204
15,4,2,C,3051232,334229
15,4,3,C,4007599,439964
15,4,4,C,4801626,526966
15,4,5,C,6088183,670042
15,4,6,C,6956500,767001
15,4,7,C,7984592,881099
15,4,8,C,8273352,913527
15,4,9,C,9594130,1060235
15,4,10,C,10976463,1214334
15,5,1,C,3142581,344879
15,5,2,C,3704629,406728
15,5,3,C,4603092,506052
15,5,4,C,5500671,604212
15,5,5,C,6790397,747550
15,5,6,C,7736687,853035
15,5,7,C,8729436,963139
15,5,8,C,8913477,983910
15,5,9,C,10229363,1130013
15,5,10,C,11613947,1284206
15,6,1,C,4157422,456998
15,6,2,C,4694541,515985
15,6,3,C,5586597,614729
15,6,4,C,6400001,703119
15,6,5,C,7649476,842058
15,6,6,C,8707383,959746
15,6,7,C,9704428,1070325
15,6,8,C,9905530,1093047
15,6,9,C,10894634,1201803
15,6,10,C,12353062,1364367
15,7,1,C,5679229,628896
15,7,2,C,6191931,684960
15,7,3,C,7054696,780369
15,7,4,C,7866626,868363
15,7,5,C,9001927,994442
15,7,6,C,10074409,1113598
15,7,7,C,11311979,1250076
15,7,8,C,10987229,1213088
15,7,9,C,12185250,1345340
15,7,10,C,13656189,1509197
15,8,1,C,6844739,758665
15,8,2,C,7352909,814163
15,8,3,C,8210576,908893
15,8,4,C,8967599,990870
15,8,5,C,10081854,1114187
15,8,6,C,11266232,1245578
15,8,7,C,12548512,1386530
15,8,8,C,11980076,1321785
15,8,9,C,13228773,1459986
15,8,10,C,14772986,1631744
15,9,1,C,7825753,866481
15,9,2,C,8345829,923229
15,9,3,C,9200071,1017489
15,9,4,C,9950406,1097998
15,9,5,C,11108848,1226608
15,9,6,C,12265888,1355134
15,9,7,C,13464068,1486523
15,9,8,C,13240921,1461678
15,9,9,C,14537065,1605206
15,9,10,C,15846614,1749927
15,10,1,C,7608303,841861
15,10,2,C,8065393,891569
15,10,3,C,8831696,976348
15,10,4,C,9640858,1064233
15,10,5,C,10535515,1162832
15,10,6,C,11468733,1266275
15,10,7,C,12968344,1432037
15,10,8,C,14076781,1554258
15,10,9,C,15667554,1732287
15,10,10,C,16793242,1856116
16,1,1,C,3969479,440911
16,1,2,C,3353723,368887
16,1,3,C,5271812,582421
16,1,4,C,5862493,648725
16,1,5,C,6747691,744724
16,1,6,C,7919232,874950
16,1,7,C,10067467,1114355
16,1,8,C,9798554,1086512
16,1,9,C,12651165,1403574
16,1,10,C,14222085,1576252
16,2,1,C,3386512,370593
16,2,2,C,5615209,622029
16,2,3,C,6565287,727802
16,2,4,C,6934614,768203
16,2,5,C,7528792,831227
16,2,6,C,9388522,1038485
16,2,7,C,11301746,1250439
16,2,8,C,10164724,1126177
16,2,9,C,13004593,1441232
16,2,10,C,14111722,1561938
16,3,1,C,5696412,628723
16,3,2,C,7484139,826662
16,3,3,C,7606811,838675
16,3,4,C,9055114,1000787
16,3,5,C,9259840,1020934
16,3,6,C,10774399,1189191
16,3,7,C,12955189,1431075
16,3,8,C,13788649,1526176
16,3,9,C,15626956,1731551
16,3,10,C,14271173,1577861
16,4,1,C,8447483,941363
16,4,2,C,7884655,877249
16,4,3,C,9151836,1016612
16,4,4,C,10919290,1212215
16,4,5,C,11882567,1316595
16,4,6,C,13088493,1449256
16,4,7,C,14889522,1647321
16,4,8,C,15939652,1765070
16,4,9,C,15396530,1703995
16,4,10,C,16790110,1855332
16,5,1,C,8756531,976986
16,5,2,C,10357383,1154923
16,5,3,C,11248496,1250328
16,5,4,C,13966721,1555866
16,5,5,C,14515189,1610593
16,5,6,C,13960131,1545945
16,5,7,C,16234752,1798246
16,5,8,C,17398225,1924524
16,5,9,C,17278053,1911478
16,5,10,C,20633569,2279680
16,6,1,C,6376788,707314
16,6,2,C,7062322,782385
16,6,3,C,8063151,892088
16,6,4,C,10107922,1121752
16,6,5,C,11311891,1253130
16,6,6,C,12779898,1415153
16,6,7,C,14321810,1584721
16,6,8,C,15456185,1713379
16,6,9,C,17123809,1897464
16,6,10,C,21671409,2401438
16,7,1,C,15998862,1789061
16,7,2,C,18471570,2064627
16,7,3,C,20437127,2279557
16,7,4,C,19611683,2181054
16,7,5,C,19941029,2214606
16,7,6,C,21403525,2376135
16,7,7,C,23578122,2616557
16,7,8,C,25595562,2844363
16,7,9,C,20347208,2257547
16,7,10,C,26622901,2953300
16,8,1,C,16761198,1868147
16,8,2,C,18797170,2094337
16,8,3,C,19526231,2169330
16,8,4,C,22561507,2510585
16,8,5,C,22691314,2519915
16,8,6,C,21286636,2359865
16,8,7,C,27098980,3007076
16,8,8,C,24486826,2717794
16,8,9,C,22502266,2495537
16,8,10,C,30778608,3415840
16,9,1,C,19853264,2215252
16,9,2,C,20583456,2292716
16,9,3,C,21485891,2386018
16,9,4,C,25085554,2790278
16,9,5,C,14480528,1606662
16,9,6,C,22078647,2455597
16,9,7,C,23064091,2562185
16,9,8,C,23803156,2642870
16,9,9,C,26768714,2972589
16,9,10,C,27713173,3074038
16,10,1,C,22290560,2485806
16,10,2,C,23688787,2637535
16,10,3,C,22772775,2530635
16,10,4,C,29505294,3287659
16,10,5,C,15733346,1743954
16,10,6,C,23984604,2664530
16,10,7,C,24125431,2674772
16,10,8,C,25268875,2802698
16,10,9,C,27571935,3057752
16,10,10,C,30149223,3345667
17,1,1,C,3235144,353847
17,1,2,C,3544997,391583
17,1,3,C,3193892,350570
17,1,4,C,5538188,613694
17,1,5,C,7521811,836720
17,1,6,C,9798444,1088884
17,1,7,C,10638255,1183116
17,1,8,C,11958308,1329682
17,1,9,C,13706537,1523126
17,1,10,C,12461660,1380760
17,2,1,C,1426571,152489
17,2,2,C,2125391,229394
17,2,3,C,3604979,395054
17,2,4,C,5954258,658607
17,2,5,C,7913483,878761
17,2,6,C,10236380,1136162
17,2,7,C,10956158,1216798
17,2,8,C,12318813,1368055
17,2,9,C,14024688,1556698
17,2,10,C,12827551,1419661
17,3,1,C,3339356,367480
17,3,2,C,4042127,444553
17,3,3,C,5176018,570747
17,3,4,C,7599878,842539
17,3,5,C,9291021,1032200
17,3,6,C,12356074,1375295
17,3,7,C,12261143,1361962
17,3,8,C,13351187,1482780
17,3,9,C,14587332,1617529
17,3,10,C,13612947,1505909
17,4,1,C,2896571,315700
17,4,2,C,3348046,364811
17,4,3,C,4207475,459774
17,4,4,C,5830474,641268
17,4,5,C,7752243,856503
17,4,6,C,9619028,1065741
17,4,7,C,11834400,1311820
17,4,8,C,13943960,1546761
17,4,9,C,15530989,1720906
17,4,10,C,14694210,1624982
17,5,1,C,3022851,329874
17,5,2,C,3525079,384602
17,5,3,C,4166537,455400
17,5,4,C,5210078,570154
17,5,5,C,6897255,759429
17,5,6,C,8216388,906393
17,5,7,C,9644840,1065028
17,5,8,C,11191219,1236363
17,5,9,C,13765359,1521121
17,5,10,C,15613012,1726446
17,6,1,C,3929292,430532
17,6,2,C,4433111,485384
17,6,3,C,5089962,557869
17,6,4,C,6067766,664665
17,6,5,C,7755901,853911
17,6,6,C,9203602,1015355
17,6,7,C,10802606,1192695
17,6,8,C,12235119,1350635
17,6,9,C,13944231,1541109
17,6,10,C,14853840,1638502
17,7,1,C,4925545,539518
17,7,2,C,5411696,592155
17,7,3,C,6056134,663158
17,7,4,C,7267198,797261
17,7,5,C,8992958,990541
17,7,6,C,10465167,1154608
17,7,7,C,12091332,1334713
17,7,8,C,13060419,1438752
17,7,9,C,15016419,1657281
17,7,10,C,15457264,1704251
17,8,1,C,6286916,690828
17,8,2,C,7090480,779200
17,8,3,C,7794283,856302
17,8,4,C,8597085,944779
17,8,5,C,10709446,1180699
17,8,6,C,12061020,1330276
17,8,7,C,13569697,1497454
17,8,8,C,14484987,1596546
17,8,9,C,17266292,1903558
17,8,10,C,17318171,1910140
17,9,1,C,7168328,791096
17,9,2,C,7853341,865644
17,9,3,C,8329758,917716
17,9,4,C,9368344,1032805
17,9,5,C,10891221,1201812
17,9,6,C,12065140,1332261
17,9,7,C,13191126,1455414
17,9,8,C,14307184,1577336
17,9,9,C,15577260,1717572
17,9,10,C,16267530,1792205
17,10,1,C,7737044,853462
17,10,2,C,8441930,930480
17,10,3,C,9138021,1006543
17,10,4,C,10018804,1103672
17,10,5,C,11481883,1266886
17,10,6,C,12292019,1355963
17,10,7,C,13538231,1493340
17,10,8,C,14823247,1634834
17,10,9,C,16628188,1834838
17,10,10,C,17668031,1947361
18,1,1,C,2673715,291098
18,1,2,C,3655529,400370
18,1,3,C,5171827,566876
18,1,4,C,7242814,797108
18,1,5,C,10122532,1123233
18,1,6,C,11001542,1212608
18,1,7,C,8847912,975170
18,1,8,C,11000424,1214874
18,1,9,C,13877905,1536166
18,1,10,C,14782845,1637237
18,2,1,C,3833485,420236
18,2,2,C,5464716,600843
18,2,3,C,6623894,727360
18,2,4,C,8581499,945272
18,2,5,C,11446159,1268803
18,2,6,C,12306915,1356748
18,2,7,C,10317719,1138694
18,2,8,C,12038415,1329457
18,2,9,C,15437566,1709698
18,2,10,C,16103845,1783650
18,3,1,C,5625171,618176
18,3,2,C,7567123,832756
18,3,3,C,8949919,984387
18,3,4,C,10814706,1193183
18,3,5,C,13847032,1537458
18,3,6,C,14466277,1595806
18,3,7,C,12464064,1375919
18,3,8,C,15004516,1657342
18,3,9,C,17136292,1900138
18,3,10,C,17180881,1901123
18,4,1,C,7665185,845041
18,4,2,C,9264841,1020982
18,4,3,C,11500088,1269113
18,4,4,C,12500486,1377849
18,4,5,C,14641763,1623424
18,4,6,C,18476703,2040482
18,4,7,C,13388302,1479557
18,4,8,C,16756488,1856647
18,4,9,C,19648217,2179881
18,4,10,C,18769824,2078529
18,5,1,C,10459444,1154320
18,5,2,C,10849606,1197802
18,5,3,C,12511899,1379472
18,5,4,C,15319809,1691898
18,5,5,C,18762695,2082538
18,5,6,C,22138392,2454905
18,5,7,C,17214483,1906894
18,5,8,C,20568520,2283423
18,5,9,C,21011999,2329376
18,5,10,C,22678833,2513081
18,6,1,C,13873122,1541181
18,6,2,C,14573777,1616699
18,6,3,C,15219825,1685514
18,6,4,C,19444928,2157006
18,6,5,C,23100731,2570186
18,6,6,C,25748564,2860475
18,6,7,C,19170527,2125859
18,6,8,C,22531392,2502814
18,6,9,C,22589629,2505164
18,6,10,C,24397783,2704575
18,7,1,C,16389931,1830041
18,7,2,C,17111984,1906079
18,7,3,C,18083501,2011514
18,7,4,C,21223792,2357562
18,7,5,C,23417802,2603948
18,7,6,C,26290915,2922350
18,7,7,C,18364257,2035169
18,7,8,C,20892298,2317485
18,7,9,C,19708948,2182080
18,7,10,C,27346114,3033422
18,8,1,C,10323294,1146248
18,8,2,C,11379506,1263466
18,8,3,C,12571681,1394682
18,8,4,C,13155357,1456914
18,8,5,C,25523306,2835293
18,8,6,C,15993826,1770282
18,8,7,C,20314116,2248943
18,8,8,C,22985892,2546461
18,8,9,C,21854366,2419110
18,8,10,C,22230387,2458128
18,9,1,C,11662146,1293040
18,9,2,C,12755282,1413939
18,9,3,C,14000472,1551349
18,9,4,C,13913681,1540223
18,9,5,C,17433361,1933894
18,9,6,C,17049757,1885160
18,9,7,C,18561485,2055376
18,9,8,C,20843485,2309805
18,9,9,C,23825625,2638724
18,9,10,C,24197103,2680972
18,10,1,C,24786718,2763525
18,10,2,C,28792128,3207993
18,10,3,C,28132094,3128393
18,10,4,C,30245328,3359999
18,10,5,C,30487578,3393022
18,10,6,C,34828054,3866178
18,10,7,C,22662853,2512861
18,10,8,C,25104140,2784602
18,10,9,C,27782866,3075886
18,10,10,C,32607978,3617845
19,1,1,C,3203952,351682
19,1,2,C,3466706,377240
19,1,3,C,2442399,264048
19,1,4,C,3045861,332293
19,1,5,C,2627921,284394
19,1,6,C,3433605,373402
19,1,7,C,4188982,457994
19,1,8,C,4982756,544904
19,1,9,C,6294842,690632
19,1,10,C,7338263,806249
19,2,1,C,5051743,557765
19,2,2,C,6554147,723340
19,2,3,C,3369788,366436
19,2,4,C,3886886,425205
19,2,5,C,3327585,361631
19,2,6,C,4107167,447812
19,2,7,C,4862740,532384
19,2,8,C,5629311,616270
19,2,9,C,6944572,762335
19,2,10,C,8254668,908691
19,3,1,C,6334045,700888
19,3,2,C,8008571,884856
19,3,3,C,5182258,568527
19,3,4,C,5231673,574433
19,3,5,C,4131600,450995
19,3,6,C,4640390,506626
19,3,7,C,5395926,591149
19,3,8,C,6116928,669912
19,3,9,C,7419049,814357
19,3,10,C,8456564,929354
19,4,1,C,9875009,1096884
19,4,2,C,11457956,1270356
19,4,3,C,7032602,773213
19,4,4,C,6493789,713203
19,4,5,C,5140069,562332
19,4,6,C,5469771,597995
19,4,7,C,6216157,681408
19,4,8,C,6851245,750568
19,4,9,C,8172082,897173
19,4,10,C,9206443,1011855
19,5,1,C,6165846,680956
19,5,2,C,6987247,771195
19,5,3,C,7516301,827942
19,5,4,C,7657165,843937
19,5,5,C,6149005,674727
19,5,6,C,6423618,704633
19,5,7,C,7152347,786046
19,5,8,C,7713454,846813
19,5,9,C,9028318,992760
19,5,10,C,10060241,1106806
19,6,1,C,8968240,991890
19,6,2,C,9905589,1094852
19,6,3,C,10335344,1140425
19,6,4,C,10033277,1108012
19,6,5,C,8075945,889746
19,6,6,C,8242476,907872
19,6,7,C,8967615,988746
19,6,8,C,9419913,1037508
19,6,9,C,10701951,1179796
19,6,10,C,11761927,1296956
19,7,1,C,10991835,1219381
19,7,2,C,11810505,1309064
19,7,3,C,12340678,1365529
19,7,4,C,11883847,1314433
19,7,5,C,9464998,1044093
19,7,6,C,9451442,1042251
19,7,7,C,10190051,1124484
19,7,8,C,10558325,1164049
19,7,9,C,11836560,1305789
19,7,10,C,12900419,1423280
19,8,1,C,10532606,1165946
19,8,2,C,11224408,1241682
19,8,3,C,12147933,1342873
19,8,4,C,13554525,1498529
19,8,5,C,10388726,1145056
19,8,6,C,10430346,1149406
19,8,7,C,11112638,1225113
19,8,8,C,11525847,1270087
19,8,9,C,12789147,1409812
19,8,10,C,14056939,1550103
19,9,1,C,11903701,1318278
19,9,2,C,12648092,1399870
19,9,3,C,13274876,1467719
19,9,4,C,14423586,1594550
19,9,5,C,11433621,1259724
19,9,6,C,11431776,1259872
19,9,7,C,12129514,1337196
19,9,8,C,12517653,1379174
19,9,9,C,13800292,1521430
19,9,10,C,14972017,1650988
19,10,1,C,16217973,1803515
19,10,2,C,16997951,1888528
19,10,3,C,17674957,1962356
19,10,4,C,18887087,2095874
19,10,5,C,14752876,1632141
19,10,6,C,13861564,1531509
19,10,7,C,14697379,1624053
19,10,8,C,14623180,1614083
19,10,9,C,15884353,1753014
19,10,10,C,16981917,1874241
20,1,1,C,4583409,500379
20,1,2,C,6245438,684950
20,1,3,C,6484040,712945
20,1,4,C,9741407,1075058
20,1,5,C,12838173,1421143
20,1,6,C,9655392,1071797
20,1,7,C,10306485,1142655
20,1,8,C,12408658,1376867
20,1,9,C,20798290,2314738
20,1,10,C,14653103,1624775
20,2,1,C,5380645,589734
20,2,2,C,8417765,925074
20,2,3,C,7747825,853087
20,2,4,C,11349653,1252475
20,2,5,C,14399918,1593571
20,2,6,C,10790426,1197158
20,2,7,C,11271901,1249658
20,2,8,C,13382026,1484655
20,2,9,C,22133425,2462160
20,2,10,C,15432113,1710838
20,3,1,C,7596106,836116
20,3,2,C,9386951,1032367
20,3,3,C,10026443,1105216
20,3,4,C,13154200,1452800
20,3,5,C,16956921,1877229
20,3,6,C,12326056,1366958
20,3,7,C,12566013,1392232
20,3,8,C,14644665,1623404
20,3,9,C,23787495,2644159
20,3,10,C,16899426,1873416
20,4,1,C,8312859,917336
20,4,2,C,13301064,1467181
20,4,3,C,13326643,1473174
20,4,4,C,14882935,1645267
20,4,5,C,16806408,1861031
20,4,6,C,14610208,1621151
20,4,7,C,14786768,1639920
20,4,8,C,16904709,1875143
20,4,9,C,26377622,2931644
20,4,10,C,19017727,2109370
20,5,1,C,12913240,1428270
20,5,2,C,12045301,1329833
20,5,3,C,14188953,1568410
20,5,4,C,18529139,2049442
20,5,5,C,21107731,2337414
20,5,6,C,18268168,2024503
20,5,7,C,16828074,1864615
20,5,8,C,18793589,2082057
20,5,9,C,28669987,3184103
20,5,10,C,20952414,2321724
20,6,1,C,15366312,1707284
20,6,2,C,15607188,1729073
20,6,3,C,17971935,1986785
20,6,4,C,23459813,2600132
20,6,5,C,24054317,2664201
20,6,6,C,19189805,2130657
20,6,7,C,19139736,2123069
20,6,8,C,20921261,2318267
20,6,9,C,31824458,3536537
20,6,10,C,23244582,2577100
20,7,1,C,15453002,1717028
20,7,2,C,16083842,1779449
20,7,3,C,17418476,1926902
20,7,4,C,20561839,2276845
20,7,5,C,21823906,2412316
20,7,6,C,19962624,2214520
20,7,7,C,19171691,2123611
20,7,8,C,20912433,2315676
20,7,9,C,32446750,3599608
20,7,10,C,22717792,2513820
20,8,1,C,19326164,2149265
20,8,2,C,20470710,2270736
20,8,3,C,20522326,2269116
20,8,4,C,23901092,2646664
20,8,5,C,25368563,2804636
20,8,6,C,23190143,2572742
20,8,7,C,21860983,2421764
20,8,8,C,23583936,2611380
20,8,9,C,34877550,3867095
20,8,10,C,25016118,2768417
20,9,1,C,17285514,1916558
20,9,2,C,18441386,2039873
20,9,3,C,20418000,2256611
20,9,4,C,21453468,2371884
20,9,5,C,24868486,2747243
20,9,6,C,26259159,2909464
20,9,7,C,23383869,2586162
20,9,8,C,24497123,2711008
20,9,9,C,34722331,3848003
20,9,10,C,26312548,2910417
20,10,1,C,20841347,2314528
20,10,2,C,21422032,2372166
20,10,3,C,22771038,2518857
20,10,4,C,25370007,2808513
20,10,5,C,27177437,3007729
20,10,6,C,28256328,3131538
20,10,7,C,25086517,2775169
20,10,8,C,25275956,2793942
20,10,9,C,38493151,4265642
20,10,10,C,27384439,3027762
